id_game,datetime,word,category,sub_category,word_folder,won,quantity_play_audio,clicks_on_guess,game_name,id_game_task
7691a583790ca474,2025-05-15T10:14:54,do,carro,aluguer_de_carro,do_you_want_insurance,True,1,1,word_shuffle_game,
7691a583790ca474,2025-05-15T10:14:54,you,carro,aluguer_de_carro,do_you_want_insurance,True,1,1,word_shuffle_game,
7691a583790ca474,2025-05-15T10:14:55,want,carro,aluguer_de_carro,do_you_want_insurance,True,1,1,word_shuffle_game,
7691a583790ca474,2025-05-15T10:15:47,insurance,carro,aluguer_de_carro,do_you_want_insurance,False,4,2,word_shuffle_game,
7691a583790ca474,2025-05-15T10:18:20,who,tempo_de_lazer,desporto,ho_finished_firs,True,1,2,word_shuffle_game,
7691a583790ca474,2025-05-15T10:18:49,firs,tempo_de_lazer,desporto,ho_finished_firs,True,1,2,word_shuffle_game,
7691a583790ca474,2025-05-15T10:19:09,finished,tempo_de_lazer,desporto,ho_finished_firs,False,1,1,word_shuffle_game,
11716d6bfc6e6b5e,2025-05-15T10:35:01,her,outras_partes_do_discurso,pronomes,her,True,0,1,word_shuffle_game,
11716d6bfc6e6b5e,2025-05-15T10:35:12,why,advérbios,palavras_interrogativas_e_ligação,why,True,0,1,word_shuffle_game,
2417bc322fd6c72f,2025-05-15T10:54:50,please,avião,fazer_o_check_in,please_put_any_metallic_objects_into_the_tray,True,2,1,word_shuffle_game,37fe14aed9244b96
2417bc322fd6c72f,2025-05-15T10:54:51,put,avião,fazer_o_check_in,please_put_any_metallic_objects_into_the_tray,True,2,1,word_shuffle_game,37fe14aed9244b96
2417bc322fd6c72f,2025-05-15T10:54:51,any,avião,fazer_o_check_in,please_put_any_metallic_objects_into_the_tray,True,2,1,word_shuffle_game,37fe14aed9244b96
2417bc322fd6c72f,2025-05-15T10:54:53,objects,avião,fazer_o_check_in,please_put_any_metallic_objects_into_the_tray,True,2,1,word_shuffle_game,37fe14aed9244b96
2417bc322fd6c72f,2025-05-15T10:54:53,into,avião,fazer_o_check_in,please_put_any_metallic_objects_into_the_tray,True,2,1,word_shuffle_game,37fe14aed9244b96
2417bc322fd6c72f,2025-05-15T10:54:54,the,avião,fazer_o_check_in,please_put_any_metallic_objects_into_the_tray,True,2,1,word_shuffle_game,37fe14aed9244b96
2417bc322fd6c72f,2025-05-15T10:54:54,tray,avião,fazer_o_check_in,please_put_any_metallic_objects_into_the_tray,True,2,1,word_shuffle_game,37fe14aed9244b96
2417bc322fd6c72f,2025-05-15T10:55:21,metallic,avião,fazer_o_check_in,please_put_any_metallic_objects_into_the_tray,True,2,2,word_shuffle_game,37fe14aed9244b96
2417bc322fd6c72f,2025-05-15T10:55:52,the,carro,conduzir_e_estacionar,the_roads_are_icy_today,True,0,1,word_shuffle_game,1b43cecf3f346705
2417bc322fd6c72f,2025-05-15T10:55:53,are,carro,conduzir_e_estacionar,the_roads_are_icy_today,True,0,1,word_shuffle_game,1b43cecf3f346705
2417bc322fd6c72f,2025-05-15T10:55:55,today,carro,conduzir_e_estacionar,the_roads_are_icy_today,True,0,1,word_shuffle_game,1b43cecf3f346705
2417bc322fd6c72f,2025-05-15T10:56:17,icy,carro,conduzir_e_estacionar,the_roads_are_icy_today,False,0,1,word_shuffle_game,1b43cecf3f346705
2417bc322fd6c72f,2025-05-15T10:56:18,roads,carro,conduzir_e_estacionar,the_roads_are_icy_today,False,0,1,word_shuffle_game,1b43cecf3f346705
606a0536f213cce,2025-05-15T11:08:15,mineral,comida_e_bebidas,bebidas_não_alcoólicas,mineral_water,True,0,1,word_shuffle_game,26a0e7d78652f36b
606a0536f213cce,2025-05-15T11:08:16,water,comida_e_bebidas,bebidas_não_alcoólicas,mineral_water,True,0,1,word_shuffle_game,26a0e7d78652f36b
606a0536f213cce,2025-05-15T11:08:29,sleep,nomes,substantivos_abstratos_1,sleep,True,0,1,word_shuffle_game,122a7f2ab809696e
606a0536f213cce,2025-05-15T11:08:37,to,verbos,ações_1,to_hide,True,0,1,word_shuffle_game,544e76fc29bd6a08
606a0536f213cce,2025-05-15T11:08:37,hide,verbos,ações_1,to_hide,True,0,1,word_shuffle_game,544e76fc29bd6a08
606a0536f213cce,2025-05-15T11:08:53,sheep,animais,grupos_de_animais,flock_of_sheep,True,0,1,word_shuffle_game,2497921b922d3959
606a0536f213cce,2025-05-15T11:08:53,of,animais,grupos_de_animais,flock_of_sheep,True,0,1,word_shuffle_game,2497921b922d3959
606a0536f213cce,2025-05-15T11:08:58,flock,animais,grupos_de_animais,flock_of_sheep,True,1,1,word_shuffle_game,2497921b922d3959
606a0536f213cce,2025-05-15T11:09:03,us,outras_partes_do_discurso,pronomes,us,True,0,1,word_shuffle_game,17edab0e03587f1f
606a0536f213cce,2025-05-15T11:09:19,white,comida_e_bebidas,doces,white_chocolate,True,0,1,word_shuffle_game,43a542b1de68a4f5
606a0536f213cce,2025-05-15T11:09:20,chocolate,comida_e_bebidas,doces,white_chocolate,True,0,1,word_shuffle_game,43a542b1de68a4f5
606a0536f213cce,2025-05-15T11:09:28,but,outras_partes_do_discurso,conjunções,but,True,0,1,word_shuffle_game,153a1e556ac6c4bd
606a0536f213cce,2025-05-15T11:09:39,call,comunicações,telefones,to_call,True,0,1,word_shuffle_game,41a087317959a72a
606a0536f213cce,2025-05-15T11:09:39,to,comunicações,telefones,to_call,True,0,1,word_shuffle_game,41a087317959a72a
606a0536f213cce,2025-05-15T11:10:56,did,avião,bagagem,did_you_pack_your_bags_yourself,True,3,1,word_shuffle_game,2542a7e8b329eb33
606a0536f213cce,2025-05-15T11:10:57,you,avião,bagagem,did_you_pack_your_bags_yourself,True,3,1,word_shuffle_game,2542a7e8b329eb33
606a0536f213cce,2025-05-15T11:10:58,pack,avião,bagagem,did_you_pack_your_bags_yourself,True,3,1,word_shuffle_game,2542a7e8b329eb33
606a0536f213cce,2025-05-15T11:10:58,your,avião,bagagem,did_you_pack_your_bags_yourself,True,3,1,word_shuffle_game,2542a7e8b329eb33
606a0536f213cce,2025-05-15T11:10:59,bags,avião,bagagem,did_you_pack_your_bags_yourself,True,3,1,word_shuffle_game,2542a7e8b329eb33
606a0536f213cce,2025-05-15T11:11:02,yourself,avião,bagagem,did_you_pack_your_bags_yourself,False,3,0,word_shuffle_game,2542a7e8b329eb33
47eff2322f83fce0,2025-05-15T11:22:47,you,hotel,fazer_o_check_out,you_gave_me_the_wrong_change,True,1,1,word_shuffle_game,632094695931396e
47eff2322f83fce0,2025-05-15T11:22:47,gave,hotel,fazer_o_check_out,you_gave_me_the_wrong_change,True,1,1,word_shuffle_game,632094695931396e
47eff2322f83fce0,2025-05-15T11:22:48,me,hotel,fazer_o_check_out,you_gave_me_the_wrong_change,True,1,1,word_shuffle_game,632094695931396e
47eff2322f83fce0,2025-05-15T11:22:49,the,hotel,fazer_o_check_out,you_gave_me_the_wrong_change,True,1,1,word_shuffle_game,632094695931396e
47eff2322f83fce0,2025-05-15T11:22:50,wrong,hotel,fazer_o_check_out,you_gave_me_the_wrong_change,True,1,1,word_shuffle_game,632094695931396e
47eff2322f83fce0,2025-05-15T11:23:02,change,hotel,fazer_o_check_out,you_gave_me_the_wrong_change,False,1,2,word_shuffle_game,632094695931396e
47eff2322f83fce0,2025-05-15T11:31:43,we,avião,controlo_de_passaporte_e_alfândega,we_have_a_joint_passport,True,2,1,word_shuffle_game,80b28b45f809a1e
47eff2322f83fce0,2025-05-15T11:31:43,have,avião,controlo_de_passaporte_e_alfândega,we_have_a_joint_passport,True,2,1,word_shuffle_game,80b28b45f809a1e
47eff2322f83fce0,2025-05-15T11:31:45,passport,avião,controlo_de_passaporte_e_alfândega,we_have_a_joint_passport,True,2,1,word_shuffle_game,80b28b45f809a1e
47eff2322f83fce0,2025-05-15T11:31:46,a,avião,controlo_de_passaporte_e_alfândega,we_have_a_joint_passport,True,2,1,word_shuffle_game,80b28b45f809a1e
47eff2322f83fce0,2025-05-15T11:31:54,joint,avião,controlo_de_passaporte_e_alfândega,we_have_a_joint_passport,True,4,1,word_shuffle_game,80b28b45f809a1e
47eff2322f83fce0,2025-05-15T11:33:29,what,avião,fazer_o_check_in,what_airline_are_you_flying,True,2,1,word_shuffle_game,2f31926244bbd163
47eff2322f83fce0,2025-05-15T11:33:29,airline,avião,fazer_o_check_in,what_airline_are_you_flying,True,2,1,word_shuffle_game,2f31926244bbd163
47eff2322f83fce0,2025-05-15T11:33:30,are,avião,fazer_o_check_in,what_airline_are_you_flying,True,2,1,word_shuffle_game,2f31926244bbd163
47eff2322f83fce0,2025-05-15T11:33:30,you,avião,fazer_o_check_in,what_airline_are_you_flying,True,2,1,word_shuffle_game,2f31926244bbd163
47eff2322f83fce0,2025-05-15T11:33:31,flying,avião,fazer_o_check_in,what_airline_are_you_flying,True,2,1,word_shuffle_game,2f31926244bbd163
47eff2322f83fce0,2025-05-15T11:33:45,to,corpo,ações,to_see,True,1,1,word_shuffle_game,1fbf4e28a8284a59
47eff2322f83fce0,2025-05-15T11:33:46,see,corpo,ações,to_see,True,1,1,word_shuffle_game,1fbf4e28a8284a59
47eff2322f83fce0,2025-05-15T11:33:51,dollar,trabalho,bancos,dollar,True,0,1,word_shuffle_game,60c1e13fc3aeb446
47eff2322f83fce0,2025-05-15T11:33:57,they,outras_partes_do_discurso,pronomes,they,True,0,1,word_shuffle_game,4c9f6d8d40748f93
47eff2322f83fce0,2025-05-15T11:34:22,let's,fazer_amigos,organizar_um_encontro,let's_meet_in_the_lobby,True,1,1,word_shuffle_game,80399c77f4399ad
47eff2322f83fce0,2025-05-15T11:34:23,meet,fazer_amigos,organizar_um_encontro,let's_meet_in_the_lobby,True,1,1,word_shuffle_game,80399c77f4399ad
47eff2322f83fce0,2025-05-15T11:34:23,in,fazer_amigos,organizar_um_encontro,let's_meet_in_the_lobby,True,1,1,word_shuffle_game,80399c77f4399ad
47eff2322f83fce0,2025-05-15T11:34:24,the,fazer_amigos,organizar_um_encontro,let's_meet_in_the_lobby,True,1,1,word_shuffle_game,80399c77f4399ad
47eff2322f83fce0,2025-05-15T11:34:25,lobby,fazer_amigos,organizar_um_encontro,let's_meet_in_the_lobby,True,1,1,word_shuffle_game,80399c77f4399ad
47eff2322f83fce0,2025-05-15T11:35:28,east,educação,geografia,east,True,0,1,word_shuffle_game,23e0b5d0b2096b34
47eff2322f83fce0,2025-05-15T11:36:02,cut,comida,fruta,cut_the_melon_into_thick_slices,True,2,1,word_shuffle_game,1581649f581e8795
47eff2322f83fce0,2025-05-15T11:36:03,the,comida,fruta,cut_the_melon_into_thick_slices,True,2,1,word_shuffle_game,1581649f581e8795
47eff2322f83fce0,2025-05-15T11:36:03,melon,comida,fruta,cut_the_melon_into_thick_slices,True,2,1,word_shuffle_game,1581649f581e8795
47eff2322f83fce0,2025-05-15T11:36:04,into,comida,fruta,cut_the_melon_into_thick_slices,True,2,1,word_shuffle_game,1581649f581e8795
47eff2322f83fce0,2025-05-15T11:36:58,thick,comida,fruta,cut_the_melon_into_thick_slices,False,6,1,word_shuffle_game,1581649f581e8795
47eff2322f83fce0,2025-05-15T11:37:01,slices,comida,fruta,cut_the_melon_into_thick_slices,False,6,3,word_shuffle_game,1581649f581e8795
47eff2322f83fce0,2025-05-15T11:38:43,where,avião,bagagem,where_are_the_baggage_lockers,True,2,1,word_shuffle_game,42cbd335b6658b89
47eff2322f83fce0,2025-05-15T11:38:43,are,avião,bagagem,where_are_the_baggage_lockers,True,2,1,word_shuffle_game,42cbd335b6658b89
47eff2322f83fce0,2025-05-15T11:38:44,the,avião,bagagem,where_are_the_baggage_lockers,True,2,1,word_shuffle_game,42cbd335b6658b89
47eff2322f83fce0,2025-05-15T11:39:00,lockers,avião,bagagem,where_are_the_baggage_lockers,True,2,1,word_shuffle_game,42cbd335b6658b89
47eff2322f83fce0,2025-05-15T11:39:38,baggage,avião,bagagem,where_are_the_baggage_lockers,False,2,4,word_shuffle_game,42cbd335b6658b89
47eff2322f83fce0,2025-05-15T11:40:13,who,outras_partes_do_discurso,pronomes,who,True,0,1,word_shuffle_game,224b478cfd3815af
47eff2322f83fce0,2025-05-15T11:40:20,good,descrição_de_pessoas,opiniões_das_pessoas,good,True,0,1,word_shuffle_game,7fb796bd5139e774
47eff2322f83fce0,2025-05-15T11:41:13,i'm,comida,carne_e_peixe,"i'm_sorry,_but_the_shrimp_soup_is_finished",True,0,1,word_shuffle_game,71a9430f5ad88be5
47eff2322f83fce0,2025-05-15T11:41:13,sorry,comida,carne_e_peixe,"i'm_sorry,_but_the_shrimp_soup_is_finished",True,0,1,word_shuffle_game,71a9430f5ad88be5
47eff2322f83fce0,2025-05-15T11:41:14,but,comida,carne_e_peixe,"i'm_sorry,_but_the_shrimp_soup_is_finished",True,0,1,word_shuffle_game,71a9430f5ad88be5
47eff2322f83fce0,2025-05-15T11:41:15,the,comida,carne_e_peixe,"i'm_sorry,_but_the_shrimp_soup_is_finished",True,0,1,word_shuffle_game,71a9430f5ad88be5
47eff2322f83fce0,2025-05-15T11:41:16,soup,comida,carne_e_peixe,"i'm_sorry,_but_the_shrimp_soup_is_finished",True,0,1,word_shuffle_game,71a9430f5ad88be5
47eff2322f83fce0,2025-05-15T11:41:17,is,comida,carne_e_peixe,"i'm_sorry,_but_the_shrimp_soup_is_finished",True,0,1,word_shuffle_game,71a9430f5ad88be5
47eff2322f83fce0,2025-05-15T11:42:18,shrimp,comida,carne_e_peixe,"i'm_sorry,_but_the_shrimp_soup_is_finished",False,1,1,word_shuffle_game,71a9430f5ad88be5
47eff2322f83fce0,2025-05-15T11:42:34,finished,comida,carne_e_peixe,"i'm_sorry,_but_the_shrimp_soup_is_finished",False,1,3,word_shuffle_game,71a9430f5ad88be5
47eff2322f83fce0,2025-05-15T11:43:16,do,comida,comida_para_o_pequeno_almoço,do_you_eat_croissants_every_day,True,0,1,word_shuffle_game,3929538d4a0b5da6
47eff2322f83fce0,2025-05-15T11:43:16,you,comida,comida_para_o_pequeno_almoço,do_you_eat_croissants_every_day,True,0,1,word_shuffle_game,3929538d4a0b5da6
47eff2322f83fce0,2025-05-15T11:43:17,eat,comida,comida_para_o_pequeno_almoço,do_you_eat_croissants_every_day,True,0,1,word_shuffle_game,3929538d4a0b5da6
47eff2322f83fce0,2025-05-15T11:43:30,every,comida,comida_para_o_pequeno_almoço,do_you_eat_croissants_every_day,True,0,2,word_shuffle_game,3929538d4a0b5da6
47eff2322f83fce0,2025-05-15T11:43:31,day,comida,comida_para_o_pequeno_almoço,do_you_eat_croissants_every_day,True,0,1,word_shuffle_game,3929538d4a0b5da6
47eff2322f83fce0,2025-05-15T11:43:39,croissants,comida,comida_para_o_pequeno_almoço,do_you_eat_croissants_every_day,False,0,1,word_shuffle_game,3929538d4a0b5da6
47eff2322f83fce0,2025-05-15T11:44:16,neck,corpo,membros_do_corpo,neck,True,0,1,word_shuffle_game,1ac74a3a208c9509
47eff2322f83fce0,2025-05-15T11:44:53,you,avião,bagagem,did_you_pack_your_bags_yourself,True,0,1,word_shuffle_game,6919e3e71d20e0da
47eff2322f83fce0,2025-05-15T11:44:54,pack,avião,bagagem,did_you_pack_your_bags_yourself,True,0,1,word_shuffle_game,6919e3e71d20e0da
47eff2322f83fce0,2025-05-15T11:44:54,your,avião,bagagem,did_you_pack_your_bags_yourself,True,0,1,word_shuffle_game,6919e3e71d20e0da
47eff2322f83fce0,2025-05-15T11:44:55,bags,avião,bagagem,did_you_pack_your_bags_yourself,True,0,1,word_shuffle_game,6919e3e71d20e0da
47eff2322f83fce0,2025-05-15T11:45:11,yourself,avião,bagagem,did_you_pack_your_bags_yourself,True,1,1,word_shuffle_game,6919e3e71d20e0da
47eff2322f83fce0,2025-05-15T11:45:12,did,avião,bagagem,did_you_pack_your_bags_yourself,True,1,2,word_shuffle_game,6919e3e71d20e0da
47eff2322f83fce0,2025-05-15T11:45:26,to,esportes,ginásio,to_pull_up,True,0,1,word_shuffle_game,65b80dc073bca5d
47eff2322f83fce0,2025-05-15T11:45:26,pull,esportes,ginásio,to_pull_up,True,0,1,word_shuffle_game,65b80dc073bca5d
47eff2322f83fce0,2025-05-15T11:45:27,up,esportes,ginásio,to_pull_up,True,0,1,word_shuffle_game,65b80dc073bca5d
47eff2322f83fce0,2025-05-15T11:45:41,hot,ambiente,tempo,hot,True,0,1,word_shuffle_game,6b33de2d91684dc8
47eff2322f83fce0,2025-05-15T11:46:00,nose,corpo,cabeça_e_rosto,nose,True,0,2,word_shuffle_game,2106d13a1be0ab1b
47eff2322f83fce0,2025-05-15T11:46:19,for,restaurante_e_bar,pedir_comida,for_my_appetizer_i'll_have_the_stuffed_mushrooms,True,1,1,word_shuffle_game,491a089ad4ed5206
47eff2322f83fce0,2025-05-15T11:46:19,my,restaurante_e_bar,pedir_comida,for_my_appetizer_i'll_have_the_stuffed_mushrooms,True,1,1,word_shuffle_game,491a089ad4ed5206
47eff2322f83fce0,2025-05-15T11:46:40,i'll,restaurante_e_bar,pedir_comida,for_my_appetizer_i'll_have_the_stuffed_mushrooms,True,1,1,word_shuffle_game,491a089ad4ed5206
47eff2322f83fce0,2025-05-15T11:46:40,have,restaurante_e_bar,pedir_comida,for_my_appetizer_i'll_have_the_stuffed_mushrooms,True,1,1,word_shuffle_game,491a089ad4ed5206
47eff2322f83fce0,2025-05-15T11:46:41,the,restaurante_e_bar,pedir_comida,for_my_appetizer_i'll_have_the_stuffed_mushrooms,True,1,1,word_shuffle_game,491a089ad4ed5206
47eff2322f83fce0,2025-05-15T11:47:20,appetizer,restaurante_e_bar,pedir_comida,for_my_appetizer_i'll_have_the_stuffed_mushrooms,False,2,2,word_shuffle_game,491a089ad4ed5206
47eff2322f83fce0,2025-05-15T11:48:01,stuffed,restaurante_e_bar,pedir_comida,for_my_appetizer_i'll_have_the_stuffed_mushrooms,False,2,0,word_shuffle_game,491a089ad4ed5206
47eff2322f83fce0,2025-05-15T11:48:10,mushrooms,restaurante_e_bar,pedir_comida,for_my_appetizer_i'll_have_the_stuffed_mushrooms,False,2,0,word_shuffle_game,491a089ad4ed5206
47eff2322f83fce0,2025-05-15T11:48:55,bed,cidades,hotel,bed_and_breakfast,True,0,1,word_shuffle_game,425b24716ba33573
47eff2322f83fce0,2025-05-15T11:48:56,and,cidades,hotel,bed_and_breakfast,True,0,1,word_shuffle_game,425b24716ba33573
47eff2322f83fce0,2025-05-15T11:49:39,breakfast,cidades,hotel,bed_and_breakfast,True,0,3,word_shuffle_game,425b24716ba33573
47eff2322f83fce0,2025-05-15T11:50:02,i'm,compras,roupas,"i'm_just_browsing,_thanks",True,0,1,word_shuffle_game,186dfb1f872b20d
47eff2322f83fce0,2025-05-15T11:50:03,just,compras,roupas,"i'm_just_browsing,_thanks",True,0,1,word_shuffle_game,186dfb1f872b20d
47eff2322f83fce0,2025-05-15T11:50:39,thanks,compras,roupas,"i'm_just_browsing,_thanks",True,2,1,word_shuffle_game,186dfb1f872b20d
47eff2322f83fce0,2025-05-15T11:50:41,browsing,compras,roupas,"i'm_just_browsing,_thanks",False,2,1,word_shuffle_game,186dfb1f872b20d
47eff2322f83fce0,2025-05-15T11:56:52,that's,avião,bagagem,that's_too_large_for_a_piece_of_hand_baggage,True,3,1,word_shuffle_game,2475baeed705c25
47eff2322f83fce0,2025-05-15T11:56:52,too,avião,bagagem,that's_too_large_for_a_piece_of_hand_baggage,True,3,1,word_shuffle_game,2475baeed705c25
47eff2322f83fce0,2025-05-15T11:56:54,large,avião,bagagem,that's_too_large_for_a_piece_of_hand_baggage,True,3,1,word_shuffle_game,2475baeed705c25
47eff2322f83fce0,2025-05-15T11:56:54,for,avião,bagagem,that's_too_large_for_a_piece_of_hand_baggage,True,3,1,word_shuffle_game,2475baeed705c25
47eff2322f83fce0,2025-05-15T11:56:55,a,avião,bagagem,that's_too_large_for_a_piece_of_hand_baggage,True,3,1,word_shuffle_game,2475baeed705c25
47eff2322f83fce0,2025-05-15T11:56:58,of,avião,bagagem,that's_too_large_for_a_piece_of_hand_baggage,True,3,1,word_shuffle_game,2475baeed705c25
47eff2322f83fce0,2025-05-15T11:56:58,hand,avião,bagagem,that's_too_large_for_a_piece_of_hand_baggage,True,3,1,word_shuffle_game,2475baeed705c25
47eff2322f83fce0,2025-05-15T11:57:06,piece,avião,bagagem,that's_too_large_for_a_piece_of_hand_baggage,False,3,1,word_shuffle_game,2475baeed705c25
47eff2322f83fce0,2025-05-15T11:57:20,baggage,avião,bagagem,that's_too_large_for_a_piece_of_hand_baggage,True,3,2,word_shuffle_game,2475baeed705c25
47eff2322f83fce0,2025-05-15T11:57:41,hood,transportes,peças_de_carro,hood,True,0,1,word_shuffle_game,292fdd647c49f63d
47eff2322f83fce0,2025-05-15T11:57:52,them,outras_partes_do_discurso,pronomes,them,True,0,2,word_shuffle_game,791bf3a002bb3c0
47eff2322f83fce0,2025-05-15T12:00:00,flight,avião,controlo_de_passaporte_e_alfândega,flight_number_120_is_now_boarding,True,1,6,word_shuffle_game,7a409e0091382c13
47eff2322f83fce0,2025-05-15T12:00:02,number,avião,controlo_de_passaporte_e_alfândega,flight_number_120_is_now_boarding,True,1,1,word_shuffle_game,7a409e0091382c13
47eff2322f83fce0,2025-05-15T12:00:03,120,avião,controlo_de_passaporte_e_alfândega,flight_number_120_is_now_boarding,True,1,1,word_shuffle_game,7a409e0091382c13
47eff2322f83fce0,2025-05-15T12:00:04,is,avião,controlo_de_passaporte_e_alfândega,flight_number_120_is_now_boarding,True,1,1,word_shuffle_game,7a409e0091382c13
47eff2322f83fce0,2025-05-15T12:00:15,now,avião,controlo_de_passaporte_e_alfândega,flight_number_120_is_now_boarding,True,1,2,word_shuffle_game,7a409e0091382c13
47eff2322f83fce0,2025-05-15T12:00:49,boarding,avião,controlo_de_passaporte_e_alfândega,flight_number_120_is_now_boarding,False,1,2,word_shuffle_game,7a409e0091382c13
47eff2322f83fce0,2025-05-15T12:01:09,to,ambiente,tempo,to_rain,True,0,1,word_shuffle_game,6ff19680097f05cd
47eff2322f83fce0,2025-05-15T12:01:09,rain,ambiente,tempo,to_rain,True,0,1,word_shuffle_game,6ff19680097f05cd
47eff2322f83fce0,2025-05-15T12:01:17,all,outras_partes_do_discurso,expressão_de_quantidades,all,True,0,1,word_shuffle_game,ae0d90fb2e0001b
47eff2322f83fce0,2025-05-15T12:01:31,i'm,conversa_geral,expressar_sentimentos,i'm_tired,True,0,1,word_shuffle_game,11987831d73ad0c3
47eff2322f83fce0,2025-05-15T12:01:34,tired,conversa_geral,expressar_sentimentos,i'm_tired,True,1,1,word_shuffle_game,11987831d73ad0c3
47eff2322f83fce0,2025-05-15T12:02:10,what,compras,acessórios,what_material_is_it_made_of,True,0,1,word_shuffle_game,12ffc78746c5028c
47eff2322f83fce0,2025-05-15T12:02:10,material,compras,acessórios,what_material_is_it_made_of,True,0,1,word_shuffle_game,12ffc78746c5028c
47eff2322f83fce0,2025-05-15T12:02:11,is,compras,acessórios,what_material_is_it_made_of,True,0,1,word_shuffle_game,12ffc78746c5028c
47eff2322f83fce0,2025-05-15T12:02:11,it,compras,acessórios,what_material_is_it_made_of,True,0,1,word_shuffle_game,12ffc78746c5028c
47eff2322f83fce0,2025-05-15T12:02:12,made,compras,acessórios,what_material_is_it_made_of,True,0,1,word_shuffle_game,12ffc78746c5028c
47eff2322f83fce0,2025-05-15T12:02:12,of,compras,acessórios,what_material_is_it_made_of,True,0,1,word_shuffle_game,12ffc78746c5028c
47eff2322f83fce0,2025-05-15T12:02:18,new,adjetivos,descrição_de_objetos,new,True,0,1,word_shuffle_game,69645d8e3eeded80
73c465b5d8a1e529,2025-05-15T12:04:13,rain,ambiente,tempo,to_rain,True,0,1,word_shuffle_game,21cbd50ec6187dd6
73c465b5d8a1e529,2025-05-15T12:04:13,to,ambiente,tempo,to_rain,True,0,1,word_shuffle_game,21cbd50ec6187dd6
73c465b5d8a1e529,2025-05-15T12:04:22,new,educação,astronomia,new_moon,True,0,1,word_shuffle_game,73f9723ffa499c29
73c465b5d8a1e529,2025-05-15T12:04:22,moon,educação,astronomia,new_moon,True,0,1,word_shuffle_game,73f9723ffa499c29
73c465b5d8a1e529,2025-05-15T12:05:37,this,outras_partes_do_discurso,expressão_de_quantidades,this,True,0,1,word_shuffle_game,41c14653db9cb81
73c465b5d8a1e529,2025-05-15T12:05:49,board,tempo_de_lazer,jogos,board_game,True,0,1,word_shuffle_game,584b3c1ca5fb7132
73c465b5d8a1e529,2025-05-15T12:05:50,game,tempo_de_lazer,jogos,board_game,True,0,1,word_shuffle_game,584b3c1ca5fb7132
73c465b5d8a1e529,2025-05-15T12:06:11,car,tempo_de_lazer,viagens,car_rental,False,0,0,word_shuffle_game,2bf594d273a4cee9
73c465b5d8a1e529,2025-05-15T12:06:14,rental,tempo_de_lazer,viagens,car_rental,False,0,0,word_shuffle_game,2bf594d273a4cee9
73c465b5d8a1e529,2025-05-15T12:07:29,young,pessoas,idade_e_eventos_da_vida,young,True,0,1,word_shuffle_game,4402d60be34686d6
73c465b5d8a1e529,2025-05-15T12:07:45,so,outras_partes_do_discurso,conjunções,so_that,True,0,2,word_shuffle_game,4b4ff0b4d5a947d
73c465b5d8a1e529,2025-05-15T12:07:46,that,outras_partes_do_discurso,conjunções,so_that,True,0,1,word_shuffle_game,4b4ff0b4d5a947d
73c465b5d8a1e529,2025-05-15T12:07:51,they,outras_partes_do_discurso,pronomes,they,True,0,1,word_shuffle_game,361cb53985403e8b
73c465b5d8a1e529,2025-05-15T12:08:08,to,tempo_de_lazer,campismo,to_pitch_a_tent,True,1,1,word_shuffle_game,38d8ef3e52d77ea1
73c465b5d8a1e529,2025-05-15T12:08:09,pitch,tempo_de_lazer,campismo,to_pitch_a_tent,True,1,1,word_shuffle_game,38d8ef3e52d77ea1
73c465b5d8a1e529,2025-05-15T12:08:10,a,tempo_de_lazer,campismo,to_pitch_a_tent,True,1,1,word_shuffle_game,38d8ef3e52d77ea1
73c465b5d8a1e529,2025-05-15T12:08:10,tent,tempo_de_lazer,campismo,to_pitch_a_tent,True,1,1,word_shuffle_game,38d8ef3e52d77ea1
73c465b5d8a1e529,2025-05-15T12:08:47,you,hotel,fazer_o_check_out,you_gave_me_the_wrong_change,True,2,1,word_shuffle_game,6543e30633bcfaf1
73c465b5d8a1e529,2025-05-15T12:08:48,gave,hotel,fazer_o_check_out,you_gave_me_the_wrong_change,True,2,1,word_shuffle_game,6543e30633bcfaf1
73c465b5d8a1e529,2025-05-15T12:08:48,me,hotel,fazer_o_check_out,you_gave_me_the_wrong_change,True,2,1,word_shuffle_game,6543e30633bcfaf1
73c465b5d8a1e529,2025-05-15T12:08:49,the,hotel,fazer_o_check_out,you_gave_me_the_wrong_change,True,2,1,word_shuffle_game,6543e30633bcfaf1
73c465b5d8a1e529,2025-05-15T12:08:51,change,hotel,fazer_o_check_out,you_gave_me_the_wrong_change,True,2,1,word_shuffle_game,6543e30633bcfaf1
73c465b5d8a1e529,2025-05-15T12:09:07,wrong,hotel,fazer_o_check_out,you_gave_me_the_wrong_change,True,2,2,word_shuffle_game,6543e30633bcfaf1
73c465b5d8a1e529,2025-05-15T12:09:47,i,emergências,acidentes,linguagem_formal_op_i_had_the_right_of_way,True,0,1,word_shuffle_game,42e09580e3325395
73c465b5d8a1e529,2025-05-15T12:09:48,had,emergências,acidentes,linguagem_formal_op_i_had_the_right_of_way,True,0,1,word_shuffle_game,42e09580e3325395
73c465b5d8a1e529,2025-05-15T12:09:48,the,emergências,acidentes,linguagem_formal_op_i_had_the_right_of_way,True,0,1,word_shuffle_game,42e09580e3325395
73c465b5d8a1e529,2025-05-15T12:10:20,right,emergências,acidentes,linguagem_formal_op_i_had_the_right_of_way,True,2,1,word_shuffle_game,42e09580e3325395
73c465b5d8a1e529,2025-05-15T12:10:21,of,emergências,acidentes,linguagem_formal_op_i_had_the_right_of_way,True,2,1,word_shuffle_game,42e09580e3325395
73c465b5d8a1e529,2025-05-15T12:10:22,way,emergências,acidentes,linguagem_formal_op_i_had_the_right_of_way,True,2,1,word_shuffle_game,42e09580e3325395
73c465b5d8a1e529,2025-05-15T12:10:40,do,avião,bagagem,do_i_need_to_check_this_or_can_i_take_it_with_me,True,0,1,word_shuffle_game,68994c34095c3a9e
73c465b5d8a1e529,2025-05-15T12:10:40,i,avião,bagagem,do_i_need_to_check_this_or_can_i_take_it_with_me,True,0,1,word_shuffle_game,68994c34095c3a9e
73c465b5d8a1e529,2025-05-15T12:11:10,need,avião,bagagem,do_i_need_to_check_this_or_can_i_take_it_with_me,True,1,2,word_shuffle_game,68994c34095c3a9e
73c465b5d8a1e529,2025-05-15T12:11:11,to,avião,bagagem,do_i_need_to_check_this_or_can_i_take_it_with_me,True,1,1,word_shuffle_game,68994c34095c3a9e
73c465b5d8a1e529,2025-05-15T12:11:14,check,avião,bagagem,do_i_need_to_check_this_or_can_i_take_it_with_me,True,1,1,word_shuffle_game,68994c34095c3a9e
73c465b5d8a1e529,2025-05-15T12:12:14,or,avião,bagagem,do_i_need_to_check_this_or_can_i_take_it_with_me,True,2,1,word_shuffle_game,68994c34095c3a9e
73c465b5d8a1e529,2025-05-15T12:12:15,can,avião,bagagem,do_i_need_to_check_this_or_can_i_take_it_with_me,True,2,1,word_shuffle_game,68994c34095c3a9e
73c465b5d8a1e529,2025-05-15T12:12:15,i,avião,bagagem,do_i_need_to_check_this_or_can_i_take_it_with_me,True,2,1,word_shuffle_game,68994c34095c3a9e
73c465b5d8a1e529,2025-05-15T12:12:16,take,avião,bagagem,do_i_need_to_check_this_or_can_i_take_it_with_me,True,2,1,word_shuffle_game,68994c34095c3a9e
73c465b5d8a1e529,2025-05-15T12:12:17,it,avião,bagagem,do_i_need_to_check_this_or_can_i_take_it_with_me,True,2,1,word_shuffle_game,68994c34095c3a9e
73c465b5d8a1e529,2025-05-15T12:12:17,with,avião,bagagem,do_i_need_to_check_this_or_can_i_take_it_with_me,True,2,1,word_shuffle_game,68994c34095c3a9e
73c465b5d8a1e529,2025-05-15T12:12:18,me,avião,bagagem,do_i_need_to_check_this_or_can_i_take_it_with_me,True,2,1,word_shuffle_game,68994c34095c3a9e
73c465b5d8a1e529,2025-05-15T12:12:29,this,avião,bagagem,do_i_need_to_check_this_or_can_i_take_it_with_me,True,2,2,word_shuffle_game,68994c34095c3a9e
d3f7870a8bbdbb0,2025-05-15T15:48:38,to,verbos,comunicação,to_tell,True,1,1,word_shuffle_game,1fbca20eb4500714
d3f7870a8bbdbb0,2025-05-15T15:48:39,tell,verbos,comunicação,to_tell,True,1,1,word_shuffle_game,1fbca20eb4500714
d3f7870a8bbdbb0,2025-05-15T15:48:58,neck,saude,farmacia,neck_brace,True,1,1,word_shuffle_game,162c54d3f7eebf82
d3f7870a8bbdbb0,2025-05-15T15:48:59,brace,saude,farmacia,neck_brace,True,1,1,word_shuffle_game,162c54d3f7eebf82
d3f7870a8bbdbb0,2025-05-15T15:49:20,hot,casa,mobiliario,hot_tub,True,0,1,word_shuffle_game,7af613a2cb0bd14e
d3f7870a8bbdbb0,2025-05-15T15:49:21,tub,casa,mobiliario,hot_tub,True,0,1,word_shuffle_game,7af613a2cb0bd14e
d3f7870a8bbdbb0,2025-05-15T15:50:11,is,carro,conduzir_e_estacionar,is_the_road_to_the_lake_a_good_one,True,1,1,word_shuffle_game,5aa14a7d55510d89
d3f7870a8bbdbb0,2025-05-15T15:50:12,the,carro,conduzir_e_estacionar,is_the_road_to_the_lake_a_good_one,True,1,1,word_shuffle_game,5aa14a7d55510d89
d3f7870a8bbdbb0,2025-05-15T15:50:12,road,carro,conduzir_e_estacionar,is_the_road_to_the_lake_a_good_one,True,1,1,word_shuffle_game,5aa14a7d55510d89
d3f7870a8bbdbb0,2025-05-15T15:50:13,to,carro,conduzir_e_estacionar,is_the_road_to_the_lake_a_good_one,True,1,1,word_shuffle_game,5aa14a7d55510d89
d3f7870a8bbdbb0,2025-05-15T15:50:13,the,carro,conduzir_e_estacionar,is_the_road_to_the_lake_a_good_one,True,1,1,word_shuffle_game,5aa14a7d55510d89
d3f7870a8bbdbb0,2025-05-15T15:50:14,lake,carro,conduzir_e_estacionar,is_the_road_to_the_lake_a_good_one,True,1,1,word_shuffle_game,5aa14a7d55510d89
d3f7870a8bbdbb0,2025-05-15T15:50:14,a,carro,conduzir_e_estacionar,is_the_road_to_the_lake_a_good_one,True,1,1,word_shuffle_game,5aa14a7d55510d89
d3f7870a8bbdbb0,2025-05-15T15:50:15,good,carro,conduzir_e_estacionar,is_the_road_to_the_lake_a_good_one,True,1,1,word_shuffle_game,5aa14a7d55510d89
d3f7870a8bbdbb0,2025-05-15T15:50:15,one,carro,conduzir_e_estacionar,is_the_road_to_the_lake_a_good_one,True,1,1,word_shuffle_game,5aa14a7d55510d89
d3f7870a8bbdbb0,2025-05-15T15:50:22,mine,outras_partes_do_discurso,pronomes,mine,True,0,1,word_shuffle_game,67c39c260ce1bedc
d3f7870a8bbdbb0,2025-05-15T15:50:46,jump,esportes,equipamento_esportivo,jump_rope,True,0,1,word_shuffle_game,695fb13c10de1429
d3f7870a8bbdbb0,2025-05-15T15:50:46,rope,esportes,equipamento_esportivo,jump_rope,True,0,1,word_shuffle_game,695fb13c10de1429
d3f7870a8bbdbb0,2025-05-15T15:50:57,time,tempo_de_lazer,passatempos,leisure_time,True,0,1,word_shuffle_game,3c74d850e3900744
d3f7870a8bbdbb0,2025-05-15T15:52:37,leisure,tempo_de_lazer,passatempos,leisure_time,False,4,4,word_shuffle_game,3c74d850e3900744
d3f7870a8bbdbb0,2025-05-15T15:53:53,is,empregos,no_local_de_trabalho,john_is_going_on_vacation_tomorrow,True,3,1,word_shuffle_game,1abe6cc15132484c
d3f7870a8bbdbb0,2025-05-15T15:53:53,going,empregos,no_local_de_trabalho,john_is_going_on_vacation_tomorrow,True,3,1,word_shuffle_game,1abe6cc15132484c
d3f7870a8bbdbb0,2025-05-15T15:53:54,on,empregos,no_local_de_trabalho,john_is_going_on_vacation_tomorrow,True,3,1,word_shuffle_game,1abe6cc15132484c
d3f7870a8bbdbb0,2025-05-15T15:53:55,vacation,empregos,no_local_de_trabalho,john_is_going_on_vacation_tomorrow,True,3,1,word_shuffle_game,1abe6cc15132484c
d3f7870a8bbdbb0,2025-05-15T15:54:19,john,empregos,no_local_de_trabalho,john_is_going_on_vacation_tomorrow,True,3,2,word_shuffle_game,1abe6cc15132484c
d3f7870a8bbdbb0,2025-05-15T15:54:39,tomorrow,empregos,no_local_de_trabalho,john_is_going_on_vacation_tomorrow,False,4,2,word_shuffle_game,1abe6cc15132484c
d3f7870a8bbdbb0,2025-05-15T15:55:37,do,conversa_geral,pedir_por_e_fornecer_informação,do_you_ride_the_bicycle_more_than_once_a_week,True,1,1,word_shuffle_game,1b704bd5232525ab
d3f7870a8bbdbb0,2025-05-15T15:55:38,you,conversa_geral,pedir_por_e_fornecer_informação,do_you_ride_the_bicycle_more_than_once_a_week,True,1,1,word_shuffle_game,1b704bd5232525ab
d3f7870a8bbdbb0,2025-05-15T15:55:38,ride,conversa_geral,pedir_por_e_fornecer_informação,do_you_ride_the_bicycle_more_than_once_a_week,True,1,1,word_shuffle_game,1b704bd5232525ab
d3f7870a8bbdbb0,2025-05-15T15:55:39,the,conversa_geral,pedir_por_e_fornecer_informação,do_you_ride_the_bicycle_more_than_once_a_week,True,1,1,word_shuffle_game,1b704bd5232525ab
d3f7870a8bbdbb0,2025-05-15T15:55:39,bicycle,conversa_geral,pedir_por_e_fornecer_informação,do_you_ride_the_bicycle_more_than_once_a_week,True,1,1,word_shuffle_game,1b704bd5232525ab
d3f7870a8bbdbb0,2025-05-15T15:55:40,more,conversa_geral,pedir_por_e_fornecer_informação,do_you_ride_the_bicycle_more_than_once_a_week,True,1,1,word_shuffle_game,1b704bd5232525ab
d3f7870a8bbdbb0,2025-05-15T15:55:41,than,conversa_geral,pedir_por_e_fornecer_informação,do_you_ride_the_bicycle_more_than_once_a_week,True,1,1,word_shuffle_game,1b704bd5232525ab
d3f7870a8bbdbb0,2025-05-15T15:55:42,once,conversa_geral,pedir_por_e_fornecer_informação,do_you_ride_the_bicycle_more_than_once_a_week,True,1,1,word_shuffle_game,1b704bd5232525ab
d3f7870a8bbdbb0,2025-05-15T15:55:42,a,conversa_geral,pedir_por_e_fornecer_informação,do_you_ride_the_bicycle_more_than_once_a_week,True,1,1,word_shuffle_game,1b704bd5232525ab
d3f7870a8bbdbb0,2025-05-15T15:55:43,week,conversa_geral,pedir_por_e_fornecer_informação,do_you_ride_the_bicycle_more_than_once_a_week,True,1,1,word_shuffle_game,1b704bd5232525ab
d3f7870a8bbdbb0,2025-05-15T15:55:51,drink,comida_e_bebidas,bebidas_não_alcoólicas,drink,True,0,1,word_shuffle_game,39c90193176b8d20
d3f7870a8bbdbb0,2025-05-15T15:56:00,police,segurança,polícia,police_car,True,0,1,word_shuffle_game,33b166069bb43101
d3f7870a8bbdbb0,2025-05-15T15:56:00,car,segurança,polícia,police_car,True,0,1,word_shuffle_game,33b166069bb43101
d3f7870a8bbdbb0,2025-05-15T15:56:32,so,outras_partes_do_discurso,conjunções,so_that,True,0,1,word_shuffle_game,44edba7db1f4e9d1
d3f7870a8bbdbb0,2025-05-15T15:56:33,that,outras_partes_do_discurso,conjunções,so_that,True,0,1,word_shuffle_game,44edba7db1f4e9d1
49d693204a063182,2025-05-15T15:57:35,i,compras,roupas,i_want_something_made_of_cotton,True,0,1,word_shuffle_game,3220af2e8982a33a
49d693204a063182,2025-05-15T15:57:36,want,compras,roupas,i_want_something_made_of_cotton,True,0,1,word_shuffle_game,3220af2e8982a33a
49d693204a063182,2025-05-15T15:57:50,made,compras,roupas,i_want_something_made_of_cotton,True,1,1,word_shuffle_game,3220af2e8982a33a
49d693204a063182,2025-05-15T15:57:51,of,compras,roupas,i_want_something_made_of_cotton,True,1,1,word_shuffle_game,3220af2e8982a33a
49d693204a063182,2025-05-15T15:58:36,something,compras,roupas,i_want_something_made_of_cotton,False,3,1,word_shuffle_game,3220af2e8982a33a
49d693204a063182,2025-05-15T15:58:43,cotton,compras,roupas,i_want_something_made_of_cotton,True,3,1,word_shuffle_game,3220af2e8982a33a
49d693204a063182,2025-05-15T15:58:55,to,verbos,expressão_de_sentimentos,to_want,True,0,1,word_shuffle_game,4b436ca3776c0af4
49d693204a063182,2025-05-15T15:58:55,want,verbos,expressão_de_sentimentos,to_want,True,0,1,word_shuffle_game,4b436ca3776c0af4
49d693204a063182,2025-05-15T15:59:46,are,avião,bagagem,these_are_my_suitcases,True,1,1,word_shuffle_game,16e1f8d162513e4
49d693204a063182,2025-05-15T15:59:46,my,avião,bagagem,these_are_my_suitcases,True,1,1,word_shuffle_game,16e1f8d162513e4
49d693204a063182,2025-05-15T16:00:23,these,avião,bagagem,these_are_my_suitcases,True,1,2,word_shuffle_game,16e1f8d162513e4
49d693204a063182,2025-05-15T16:00:44,suitcases,avião,bagagem,these_are_my_suitcases,False,2,2,word_shuffle_game,16e1f8d162513e4
49d693204a063182,2025-05-15T16:01:10,dress,moda,roupas,to_dress,True,0,1,word_shuffle_game,7fa4a03d4608d0bf
49d693204a063182,2025-05-15T16:01:11,to,moda,roupas,to_dress,True,0,1,word_shuffle_game,7fa4a03d4608d0bf
49d693204a063182,2025-05-15T16:02:06,i,hotel,reclamações,"i_booked_a_double_bed,_but_i_got_a_twin",True,2,1,word_shuffle_game,71d6947726d536b3
49d693204a063182,2025-05-15T16:02:07,booked,hotel,reclamações,"i_booked_a_double_bed,_but_i_got_a_twin",True,2,1,word_shuffle_game,71d6947726d536b3
49d693204a063182,2025-05-15T16:02:08,a,hotel,reclamações,"i_booked_a_double_bed,_but_i_got_a_twin",True,2,1,word_shuffle_game,71d6947726d536b3
49d693204a063182,2025-05-15T16:02:08,double,hotel,reclamações,"i_booked_a_double_bed,_but_i_got_a_twin",True,2,1,word_shuffle_game,71d6947726d536b3
49d693204a063182,2025-05-15T16:02:09,bed,hotel,reclamações,"i_booked_a_double_bed,_but_i_got_a_twin",True,2,1,word_shuffle_game,71d6947726d536b3
49d693204a063182,2025-05-15T16:02:09,but,hotel,reclamações,"i_booked_a_double_bed,_but_i_got_a_twin",True,2,1,word_shuffle_game,71d6947726d536b3
49d693204a063182,2025-05-15T16:02:10,i,hotel,reclamações,"i_booked_a_double_bed,_but_i_got_a_twin",True,2,1,word_shuffle_game,71d6947726d536b3
49d693204a063182,2025-05-15T16:02:11,got,hotel,reclamações,"i_booked_a_double_bed,_but_i_got_a_twin",True,2,1,word_shuffle_game,71d6947726d536b3
49d693204a063182,2025-05-15T16:02:11,a,hotel,reclamações,"i_booked_a_double_bed,_but_i_got_a_twin",True,2,1,word_shuffle_game,71d6947726d536b3
49d693204a063182,2025-05-15T16:02:12,twin,hotel,reclamações,"i_booked_a_double_bed,_but_i_got_a_twin",True,2,1,word_shuffle_game,71d6947726d536b3
49d693204a063182,2025-05-15T16:02:59,do,carro,conduzir_e_estacionar,do_you_know_these_road_signs,True,1,1,word_shuffle_game,2e5b3357d291d9d3
49d693204a063182,2025-05-15T16:03:00,you,carro,conduzir_e_estacionar,do_you_know_these_road_signs,True,1,1,word_shuffle_game,2e5b3357d291d9d3
49d693204a063182,2025-05-15T16:03:00,know,carro,conduzir_e_estacionar,do_you_know_these_road_signs,True,1,1,word_shuffle_game,2e5b3357d291d9d3
49d693204a063182,2025-05-15T16:03:01,these,carro,conduzir_e_estacionar,do_you_know_these_road_signs,True,1,1,word_shuffle_game,2e5b3357d291d9d3
49d693204a063182,2025-05-15T16:03:02,road,carro,conduzir_e_estacionar,do_you_know_these_road_signs,True,1,1,word_shuffle_game,2e5b3357d291d9d3
49d693204a063182,2025-05-15T16:03:50,signs,carro,conduzir_e_estacionar,do_you_know_these_road_signs,False,2,1,word_shuffle_game,2e5b3357d291d9d3
49d693204a063182,2025-05-15T16:04:07,still,comida_e_bebidas,bebidas_não_alcoólicas,still_water,True,0,1,word_shuffle_game,46909cf4688dd3aa
49d693204a063182,2025-05-15T16:04:07,water,comida_e_bebidas,bebidas_não_alcoólicas,still_water,True,0,1,word_shuffle_game,46909cf4688dd3aa
49d693204a063182,2025-05-15T16:07:55,her,outras_partes_do_discurso,pronomes,her,True,0,1,word_shuffle_game,4397891eeb1b9c27
49d693204a063182,2025-05-15T16:08:03,to,comunicações,telefones,to_call,True,0,1,word_shuffle_game,610ba87dcdf25b0d
49d693204a063182,2025-05-15T16:08:04,call,comunicações,telefones,to_call,True,0,1,word_shuffle_game,610ba87dcdf25b0d
49d693204a063182,2025-05-15T16:08:28,pretty,advérbios,advérbios_de_grau,pretty,True,1,1,word_shuffle_game,2b7c6a3680df9567
49d693204a063182,2025-05-15T16:08:38,to,verbos,verbos_de_estado,to_be,True,0,1,word_shuffle_game,24434c81e175eba0
49d693204a063182,2025-05-15T16:08:39,be,verbos,verbos_de_estado,to_be,True,0,1,word_shuffle_game,24434c81e175eba0
49d693204a063182,2025-05-15T16:08:48,mean,descrição_de_pessoas,caracteristicas_2,mean,True,1,1,word_shuffle_game,47900b15d85fe9d0
49d693204a063182,2025-05-15T16:09:04,are,avião,bagagem,are_you_checking_any_baggage,True,0,1,word_shuffle_game,70c87e006448933f
49d693204a063182,2025-05-15T16:09:05,you,avião,bagagem,are_you_checking_any_baggage,True,0,1,word_shuffle_game,70c87e006448933f
49d693204a063182,2025-05-15T16:09:25,checking,avião,bagagem,are_you_checking_any_baggage,True,2,1,word_shuffle_game,70c87e006448933f
49d693204a063182,2025-05-15T16:09:26,any,avião,bagagem,are_you_checking_any_baggage,True,2,1,word_shuffle_game,70c87e006448933f
49d693204a063182,2025-05-15T16:09:27,baggage,avião,bagagem,are_you_checking_any_baggage,True,2,1,word_shuffle_game,70c87e006448933f
49d693204a063182,2025-05-15T16:10:23,i'll,comida,carne_e_peixe,i'll_have_the_veal_cutlet_for_dinner,True,3,1,word_shuffle_game,f2531d75cb76a34
49d693204a063182,2025-05-15T16:10:24,have,comida,carne_e_peixe,i'll_have_the_veal_cutlet_for_dinner,True,3,1,word_shuffle_game,f2531d75cb76a34
49d693204a063182,2025-05-15T16:10:24,the,comida,carne_e_peixe,i'll_have_the_veal_cutlet_for_dinner,True,3,1,word_shuffle_game,f2531d75cb76a34
49d693204a063182,2025-05-15T16:10:27,for,comida,carne_e_peixe,i'll_have_the_veal_cutlet_for_dinner,True,3,1,word_shuffle_game,f2531d75cb76a34
49d693204a063182,2025-05-15T16:10:27,dinner,comida,carne_e_peixe,i'll_have_the_veal_cutlet_for_dinner,True,3,1,word_shuffle_game,f2531d75cb76a34
49d693204a063182,2025-05-15T16:11:26,cutlet,comida,carne_e_peixe,i'll_have_the_veal_cutlet_for_dinner,True,6,5,word_shuffle_game,f2531d75cb76a34
49d693204a063182,2025-05-15T16:12:45,veal,comida,carne_e_peixe,i'll_have_the_veal_cutlet_for_dinner,False,6,2,word_shuffle_game,f2531d75cb76a34
49d693204a063182,2025-05-15T16:12:55,see,corpo,ações,to_see,True,0,1,word_shuffle_game,7ae36c2ce17a3e96
49d693204a063182,2025-05-15T16:12:56,to,corpo,ações,to_see,True,0,1,word_shuffle_game,7ae36c2ce17a3e96
49d693204a063182,2025-05-15T16:13:46,i've,avião,reservar_um_voo,i've_come_to_collect_my_tickets,True,1,1,word_shuffle_game,750bf88539264266
49d693204a063182,2025-05-15T16:13:46,come,avião,reservar_um_voo,i've_come_to_collect_my_tickets,True,1,1,word_shuffle_game,750bf88539264266
49d693204a063182,2025-05-15T16:13:47,to,avião,reservar_um_voo,i've_come_to_collect_my_tickets,True,1,1,word_shuffle_game,750bf88539264266
49d693204a063182,2025-05-15T16:13:48,collect,avião,reservar_um_voo,i've_come_to_collect_my_tickets,True,1,1,word_shuffle_game,750bf88539264266
49d693204a063182,2025-05-15T16:13:48,my,avião,reservar_um_voo,i've_come_to_collect_my_tickets,True,1,1,word_shuffle_game,750bf88539264266
49d693204a063182,2025-05-15T16:13:49,tickets,avião,reservar_um_voo,i've_come_to_collect_my_tickets,True,1,1,word_shuffle_game,750bf88539264266
49d693204a063182,2025-05-15T16:14:40,stuffed,compras,loja_de_artigos_para_criança,stuffed_toy,True,5,1,word_shuffle_game,43053de4a25661ce
49d693204a063182,2025-05-15T16:14:43,toy,compras,loja_de_artigos_para_criança,stuffed_toy,True,5,1,word_shuffle_game,43053de4a25661ce
49d693204a063182,2025-05-15T16:14:53,in,outras_partes_do_discurso,preposições,in,True,0,1,word_shuffle_game,21151bc95fcac35c
1f31a5b73f5f8f7,2025-05-15T16:19:52,let's,fazer_amigos,organizar_um_encontro,let's_meet_in_the_lobby,True,1,1,word_shuffle_game,5bdae9218736a0a1
1f31a5b73f5f8f7,2025-05-15T16:19:52,meet,fazer_amigos,organizar_um_encontro,let's_meet_in_the_lobby,True,1,1,word_shuffle_game,5bdae9218736a0a1
1f31a5b73f5f8f7,2025-05-15T16:19:53,in,fazer_amigos,organizar_um_encontro,let's_meet_in_the_lobby,True,1,1,word_shuffle_game,5bdae9218736a0a1
1f31a5b73f5f8f7,2025-05-15T16:19:53,the,fazer_amigos,organizar_um_encontro,let's_meet_in_the_lobby,True,1,1,word_shuffle_game,5bdae9218736a0a1
1f31a5b73f5f8f7,2025-05-15T16:19:54,lobby,fazer_amigos,organizar_um_encontro,let's_meet_in_the_lobby,True,1,1,word_shuffle_game,5bdae9218736a0a1
1f31a5b73f5f8f7,2025-05-15T16:20:04,so,outras_partes_do_discurso,conjunções,so_that,True,1,1,word_shuffle_game,52aeb0e3c8cbe8b
1f31a5b73f5f8f7,2025-05-15T16:20:05,that,outras_partes_do_discurso,conjunções,so_that,True,1,1,word_shuffle_game,52aeb0e3c8cbe8b
1f31a5b73f5f8f7,2025-05-15T16:20:29,i,carro,aluguer_de_carro,i_do_not_need_insurance,True,1,1,word_shuffle_game,35252cf63497bdcc
1f31a5b73f5f8f7,2025-05-15T16:20:29,do,carro,aluguer_de_carro,i_do_not_need_insurance,True,1,1,word_shuffle_game,35252cf63497bdcc
1f31a5b73f5f8f7,2025-05-15T16:20:30,not,carro,aluguer_de_carro,i_do_not_need_insurance,True,1,1,word_shuffle_game,35252cf63497bdcc
1f31a5b73f5f8f7,2025-05-15T16:20:31,need,carro,aluguer_de_carro,i_do_not_need_insurance,True,1,1,word_shuffle_game,35252cf63497bdcc
1f31a5b73f5f8f7,2025-05-15T16:21:03,insurance,carro,aluguer_de_carro,i_do_not_need_insurance,False,5,1,word_shuffle_game,35252cf63497bdcc
1f31a5b73f5f8f7,2025-05-15T16:21:28,nut,comida_e_bebidas,grãos_nozes_e_sementes,nut,True,0,2,word_shuffle_game,1e79183b5e1f78c6
1f31a5b73f5f8f7,2025-05-15T16:21:54,can,saúde,no_dentista,can_you_fix_my_dentures,True,1,1,word_shuffle_game,f0ea6340a20c5b5
1f31a5b73f5f8f7,2025-05-15T16:21:55,you,saúde,no_dentista,can_you_fix_my_dentures,True,1,1,word_shuffle_game,f0ea6340a20c5b5
1f31a5b73f5f8f7,2025-05-15T16:21:55,fix,saúde,no_dentista,can_you_fix_my_dentures,True,1,1,word_shuffle_game,f0ea6340a20c5b5
1f31a5b73f5f8f7,2025-05-15T16:21:56,my,saúde,no_dentista,can_you_fix_my_dentures,True,1,1,word_shuffle_game,f0ea6340a20c5b5
1f31a5b73f5f8f7,2025-05-15T16:21:56,dentures,saúde,no_dentista,can_you_fix_my_dentures,True,1,1,word_shuffle_game,f0ea6340a20c5b5
1f31a5b73f5f8f7,2025-05-15T16:22:12,pretty,advérbios,advérbios_de_grau,pretty,True,2,1,word_shuffle_game,7d3f40ded669bea0
1f31a5b73f5f8f7,2025-05-15T16:22:20,on,outras_partes_do_discurso,preposições,on,True,0,1,word_shuffle_game,77dc4d476dbd3cc
1f31a5b73f5f8f7,2025-05-15T16:24:43,do,avião,bagagem,do_i_need_to_check_this_or_can_i_take_it_with_me,True,1,1,word_shuffle_game,6225b2a7251e3c6f
1f31a5b73f5f8f7,2025-05-15T16:24:44,i,avião,bagagem,do_i_need_to_check_this_or_can_i_take_it_with_me,True,1,1,word_shuffle_game,6225b2a7251e3c6f
1f31a5b73f5f8f7,2025-05-15T16:24:44,need,avião,bagagem,do_i_need_to_check_this_or_can_i_take_it_with_me,True,1,1,word_shuffle_game,6225b2a7251e3c6f
1f31a5b73f5f8f7,2025-05-15T16:24:45,to,avião,bagagem,do_i_need_to_check_this_or_can_i_take_it_with_me,True,1,1,word_shuffle_game,6225b2a7251e3c6f
1f31a5b73f5f8f7,2025-05-15T16:24:45,check,avião,bagagem,do_i_need_to_check_this_or_can_i_take_it_with_me,True,1,1,word_shuffle_game,6225b2a7251e3c6f
1f31a5b73f5f8f7,2025-05-15T16:24:45,this,avião,bagagem,do_i_need_to_check_this_or_can_i_take_it_with_me,True,1,1,word_shuffle_game,6225b2a7251e3c6f
1f31a5b73f5f8f7,2025-05-15T16:24:46,or,avião,bagagem,do_i_need_to_check_this_or_can_i_take_it_with_me,True,1,1,word_shuffle_game,6225b2a7251e3c6f
1f31a5b73f5f8f7,2025-05-15T16:24:46,can,avião,bagagem,do_i_need_to_check_this_or_can_i_take_it_with_me,True,1,1,word_shuffle_game,6225b2a7251e3c6f
1f31a5b73f5f8f7,2025-05-15T16:24:47,i,avião,bagagem,do_i_need_to_check_this_or_can_i_take_it_with_me,True,1,1,word_shuffle_game,6225b2a7251e3c6f
1f31a5b73f5f8f7,2025-05-15T16:24:47,take,avião,bagagem,do_i_need_to_check_this_or_can_i_take_it_with_me,True,1,1,word_shuffle_game,6225b2a7251e3c6f
1f31a5b73f5f8f7,2025-05-15T16:24:47,it,avião,bagagem,do_i_need_to_check_this_or_can_i_take_it_with_me,True,1,1,word_shuffle_game,6225b2a7251e3c6f
1f31a5b73f5f8f7,2025-05-15T16:24:49,with,avião,bagagem,do_i_need_to_check_this_or_can_i_take_it_with_me,True,1,1,word_shuffle_game,6225b2a7251e3c6f
1f31a5b73f5f8f7,2025-05-15T16:24:49,me,avião,bagagem,do_i_need_to_check_this_or_can_i_take_it_with_me,True,1,1,word_shuffle_game,6225b2a7251e3c6f
1f31a5b73f5f8f7,2025-05-15T16:25:01,to,transportes,transportes_aéreos,to_take_off,True,0,1,word_shuffle_game,444d29ade8624ec7
1f31a5b73f5f8f7,2025-05-15T16:25:02,take,transportes,transportes_aéreos,to_take_off,True,0,1,word_shuffle_game,444d29ade8624ec7
1f31a5b73f5f8f7,2025-05-15T16:25:09,off,transportes,transportes_aéreos,to_take_off,True,0,2,word_shuffle_game,444d29ade8624ec7
1f31a5b73f5f8f7,2025-05-15T16:25:17,neck,corpo,membros_do_corpo,neck,True,0,1,word_shuffle_game,17f932f56886e3f0
1f31a5b73f5f8f7,2025-05-15T16:25:35,cover,cultura,livros,cover,True,1,1,word_shuffle_game,3c6210d9133e0b2d
1f31a5b73f5f8f7,2025-05-15T16:26:09,what,compras,acessórios,what_material_is_it_made_of,True,0,1,word_shuffle_game,742ad9c0a9879c87
1f31a5b73f5f8f7,2025-05-15T16:26:10,material,compras,acessórios,what_material_is_it_made_of,True,0,1,word_shuffle_game,742ad9c0a9879c87
1f31a5b73f5f8f7,2025-05-15T16:26:10,is,compras,acessórios,what_material_is_it_made_of,True,0,1,word_shuffle_game,742ad9c0a9879c87
1f31a5b73f5f8f7,2025-05-15T16:26:11,it,compras,acessórios,what_material_is_it_made_of,True,0,1,word_shuffle_game,742ad9c0a9879c87
1f31a5b73f5f8f7,2025-05-15T16:26:11,made,compras,acessórios,what_material_is_it_made_of,True,0,1,word_shuffle_game,742ad9c0a9879c87
1f31a5b73f5f8f7,2025-05-15T16:26:12,of,compras,acessórios,what_material_is_it_made_of,True,0,1,word_shuffle_game,742ad9c0a9879c87
1f31a5b73f5f8f7,2025-05-15T16:26:17,back,adjetivos,pares_1,back,True,0,1,word_shuffle_game,94d1995d8114621
1f31a5b73f5f8f7,2025-05-15T16:26:53,do,educação,na_escola,do_you_have_a_pen_i_could_borrow,True,0,1,word_shuffle_game,61855e94a70463af
1f31a5b73f5f8f7,2025-05-15T16:26:53,you,educação,na_escola,do_you_have_a_pen_i_could_borrow,True,0,1,word_shuffle_game,61855e94a70463af
1f31a5b73f5f8f7,2025-05-15T16:26:54,have,educação,na_escola,do_you_have_a_pen_i_could_borrow,True,0,1,word_shuffle_game,61855e94a70463af
1f31a5b73f5f8f7,2025-05-15T16:26:54,a,educação,na_escola,do_you_have_a_pen_i_could_borrow,True,0,1,word_shuffle_game,61855e94a70463af
1f31a5b73f5f8f7,2025-05-15T16:26:55,pen,educação,na_escola,do_you_have_a_pen_i_could_borrow,True,0,1,word_shuffle_game,61855e94a70463af
1f31a5b73f5f8f7,2025-05-15T16:26:55,i,educação,na_escola,do_you_have_a_pen_i_could_borrow,True,0,1,word_shuffle_game,61855e94a70463af
1f31a5b73f5f8f7,2025-05-15T16:26:56,could,educação,na_escola,do_you_have_a_pen_i_could_borrow,True,0,1,word_shuffle_game,61855e94a70463af
1f31a5b73f5f8f7,2025-05-15T16:27:41,borrow,educação,na_escola,do_you_have_a_pen_i_could_borrow,True,3,2,word_shuffle_game,61855e94a70463af
1f31a5b73f5f8f7,2025-05-15T16:27:50,they,outras_partes_do_discurso,pronomes,they,True,0,1,word_shuffle_game,2a8bebdc1f17a44f
1f31a5b73f5f8f7,2025-05-15T16:27:56,hood,transportes,peças_de_carro,hood,True,0,1,word_shuffle_game,19053f7c66927f14
1f31a5b73f5f8f7,2025-05-15T16:28:02,ship,transportes,transportes_aquaticos,ship,True,0,1,word_shuffle_game,214a2230185e64e7
1f31a5b73f5f8f7,2025-05-15T16:28:20,last,pessoas,identidade,last_name,True,1,1,word_shuffle_game,716ecbeeccefc177
1f31a5b73f5f8f7,2025-05-15T16:28:21,name,pessoas,identidade,last_name,True,1,1,word_shuffle_game,716ecbeeccefc177
1f31a5b73f5f8f7,2025-05-15T16:29:13,then,compras,pagamento_&_devoluções,then_i_will_go_someplace_else,True,1,1,word_shuffle_game,767d9a83284302e8
1f31a5b73f5f8f7,2025-05-15T16:29:13,i,compras,pagamento_&_devoluções,then_i_will_go_someplace_else,True,1,1,word_shuffle_game,767d9a83284302e8
1f31a5b73f5f8f7,2025-05-15T16:29:14,will,compras,pagamento_&_devoluções,then_i_will_go_someplace_else,True,1,1,word_shuffle_game,767d9a83284302e8
1f31a5b73f5f8f7,2025-05-15T16:29:15,go,compras,pagamento_&_devoluções,then_i_will_go_someplace_else,True,1,1,word_shuffle_game,767d9a83284302e8
1f31a5b73f5f8f7,2025-05-15T16:30:03,someplace,compras,pagamento_&_devoluções,then_i_will_go_someplace_else,True,4,1,word_shuffle_game,767d9a83284302e8
1f31a5b73f5f8f7,2025-05-15T16:30:56,else,compras,pagamento_&_devoluções,then_i_will_go_someplace_else,False,6,2,word_shuffle_game,767d9a83284302e8
1f31a5b73f5f8f7,2025-05-15T16:31:59,i,hotel,reclamações,"i_booked_a_double_bed,_but_i_got_a_twin",True,2,1,word_shuffle_game,1c03a34142bec3e1
1f31a5b73f5f8f7,2025-05-15T16:32:00,booked,hotel,reclamações,"i_booked_a_double_bed,_but_i_got_a_twin",True,2,1,word_shuffle_game,1c03a34142bec3e1
1f31a5b73f5f8f7,2025-05-15T16:32:01,a,hotel,reclamações,"i_booked_a_double_bed,_but_i_got_a_twin",True,2,1,word_shuffle_game,1c03a34142bec3e1
1f31a5b73f5f8f7,2025-05-15T16:32:01,double,hotel,reclamações,"i_booked_a_double_bed,_but_i_got_a_twin",True,2,1,word_shuffle_game,1c03a34142bec3e1
1f31a5b73f5f8f7,2025-05-15T16:32:04,but,hotel,reclamações,"i_booked_a_double_bed,_but_i_got_a_twin",True,2,1,word_shuffle_game,1c03a34142bec3e1
1f31a5b73f5f8f7,2025-05-15T16:32:04,i,hotel,reclamações,"i_booked_a_double_bed,_but_i_got_a_twin",True,2,1,word_shuffle_game,1c03a34142bec3e1
1f31a5b73f5f8f7,2025-05-15T16:32:05,got,hotel,reclamações,"i_booked_a_double_bed,_but_i_got_a_twin",True,2,1,word_shuffle_game,1c03a34142bec3e1
1f31a5b73f5f8f7,2025-05-15T16:32:05,a,hotel,reclamações,"i_booked_a_double_bed,_but_i_got_a_twin",True,2,1,word_shuffle_game,1c03a34142bec3e1
1f31a5b73f5f8f7,2025-05-15T16:32:06,twin,hotel,reclamações,"i_booked_a_double_bed,_but_i_got_a_twin",True,2,1,word_shuffle_game,1c03a34142bec3e1
1f31a5b73f5f8f7,2025-05-15T16:32:10,bed,hotel,reclamações,"i_booked_a_double_bed,_but_i_got_a_twin",True,2,2,word_shuffle_game,1c03a34142bec3e1
1f31a5b73f5f8f7,2025-05-15T16:32:50,he,fazer_amigos,descrever_pessoas,he_has_black_hair_and_green_eyes,True,2,1,word_shuffle_game,68b666b92b2fc435
1f31a5b73f5f8f7,2025-05-15T16:32:51,has,fazer_amigos,descrever_pessoas,he_has_black_hair_and_green_eyes,True,2,1,word_shuffle_game,68b666b92b2fc435
1f31a5b73f5f8f7,2025-05-15T16:32:52,black,fazer_amigos,descrever_pessoas,he_has_black_hair_and_green_eyes,True,2,1,word_shuffle_game,68b666b92b2fc435
1f31a5b73f5f8f7,2025-05-15T16:32:53,hair,fazer_amigos,descrever_pessoas,he_has_black_hair_and_green_eyes,True,2,1,word_shuffle_game,68b666b92b2fc435
1f31a5b73f5f8f7,2025-05-15T16:32:54,and,fazer_amigos,descrever_pessoas,he_has_black_hair_and_green_eyes,True,2,1,word_shuffle_game,68b666b92b2fc435
1f31a5b73f5f8f7,2025-05-15T16:32:54,green,fazer_amigos,descrever_pessoas,he_has_black_hair_and_green_eyes,True,2,1,word_shuffle_game,68b666b92b2fc435
1f31a5b73f5f8f7,2025-05-15T16:32:55,eyes,fazer_amigos,descrever_pessoas,he_has_black_hair_and_green_eyes,True,2,1,word_shuffle_game,68b666b92b2fc435
1f31a5b73f5f8f7,2025-05-15T16:33:00,today,advérbios,de_tempo_e_frequência,today,True,0,1,word_shuffle_game,5f21d450c673ac8f
1f31a5b73f5f8f7,2025-05-15T16:33:09,to,corpo,ações,to_put,True,0,1,word_shuffle_game,da8985f672c06ca
1f31a5b73f5f8f7,2025-05-15T16:33:10,put,corpo,ações,to_put,True,0,1,word_shuffle_game,da8985f672c06ca
1f31a5b73f5f8f7,2025-05-15T16:33:15,it,outras_partes_do_discurso,pronomes,it,True,0,1,word_shuffle_game,5dd5d2d508033596
1f31a5b73f5f8f7,2025-05-15T16:33:22,to,verbos,comunicação,to_tell,True,0,1,word_shuffle_game,254f14b25974056a
1f31a5b73f5f8f7,2025-05-15T16:33:22,tell,verbos,comunicação,to_tell,True,0,1,word_shuffle_game,254f14b25974056a
58658afe1d0d6496,2025-05-15T17:05:47,division,educação,matematica,sion_i,True,2,1,word_shuffle_game,2cdca4e0a2969aa5
58658afe1d0d6496,2025-05-15T17:06:13,sign,educação,matematica,sion_i,True,3,3,word_shuffle_game,2cdca4e0a2969aa5
58658afe1d0d6496,2025-05-15T17:08:18,follow,viagem,dar_indicações,follow_the_signs_for_downtown,True,1,2,word_shuffle_game,7dade620302c5ec3
58658afe1d0d6496,2025-05-15T17:08:20,the,viagem,dar_indicações,follow_the_signs_for_downtown,True,1,1,word_shuffle_game,7dade620302c5ec3
58658afe1d0d6496,2025-05-15T17:08:21,signs,viagem,dar_indicações,follow_the_signs_for_downtown,True,1,1,word_shuffle_game,7dade620302c5ec3
58658afe1d0d6496,2025-05-15T17:08:22,for,viagem,dar_indicações,follow_the_signs_for_downtown,True,1,1,word_shuffle_game,7dade620302c5ec3
58658afe1d0d6496,2025-05-15T17:09:40,downtown,viagem,dar_indicações,follow_the_signs_for_downtown,False,2,2,word_shuffle_game,7dade620302c5ec3
58658afe1d0d6496,2025-05-15T17:10:05,to,corpo,ações,to_watch,True,0,1,word_shuffle_game,2653a5f3a3e73836
58658afe1d0d6496,2025-05-15T17:10:08,watch,corpo,ações,to_watch,True,0,1,word_shuffle_game,2653a5f3a3e73836
58658afe1d0d6496,2025-05-15T17:10:49,do,comida,comida_para_o_pequeno_almoço,do_you_eat_croissants_every_day,True,1,1,word_shuffle_game,6cb2545e93ea9383
58658afe1d0d6496,2025-05-15T17:10:49,you,comida,comida_para_o_pequeno_almoço,do_you_eat_croissants_every_day,True,1,1,word_shuffle_game,6cb2545e93ea9383
58658afe1d0d6496,2025-05-15T17:10:50,eat,comida,comida_para_o_pequeno_almoço,do_you_eat_croissants_every_day,True,1,1,word_shuffle_game,6cb2545e93ea9383
58658afe1d0d6496,2025-05-15T17:10:51,croissants,comida,comida_para_o_pequeno_almoço,do_you_eat_croissants_every_day,True,1,1,word_shuffle_game,6cb2545e93ea9383
58658afe1d0d6496,2025-05-15T17:10:51,every,comida,comida_para_o_pequeno_almoço,do_you_eat_croissants_every_day,True,1,1,word_shuffle_game,6cb2545e93ea9383
58658afe1d0d6496,2025-05-15T17:10:52,day,comida,comida_para_o_pequeno_almoço,do_you_eat_croissants_every_day,True,1,1,word_shuffle_game,6cb2545e93ea9383
58658afe1d0d6496,2025-05-15T17:11:22,the,carro,conduzir_e_estacionar,the_traffic_was_terrible_today,True,1,1,word_shuffle_game,58fe31fde022589a
58658afe1d0d6496,2025-05-15T17:11:24,was,carro,conduzir_e_estacionar,the_traffic_was_terrible_today,True,1,1,word_shuffle_game,58fe31fde022589a
58658afe1d0d6496,2025-05-15T17:11:26,today,carro,conduzir_e_estacionar,the_traffic_was_terrible_today,True,1,1,word_shuffle_game,58fe31fde022589a
58658afe1d0d6496,2025-05-15T17:11:36,traffic,carro,conduzir_e_estacionar,the_traffic_was_terrible_today,True,1,2,word_shuffle_game,58fe31fde022589a
58658afe1d0d6496,2025-05-15T17:12:12,terrible,carro,conduzir_e_estacionar,the_traffic_was_terrible_today,True,1,2,word_shuffle_game,58fe31fde022589a
1e8d002cad9e3ce7,2025-05-15T19:38:12,way,cidades,ruas,way,True,1,1,word_shuffle_game,5d154d7bd82ea4d4
1e8d002cad9e3ce7,2025-05-15T19:38:26,east,educação,geografia,east,True,0,1,word_shuffle_game,4231430e1e63a65a
1e8d002cad9e3ce7,2025-05-15T19:39:18,where,avião,bagagem,where_can_i_get_a_cart,True,2,1,word_shuffle_game,24df12fb92828b07
1e8d002cad9e3ce7,2025-05-15T19:39:19,can,avião,bagagem,where_can_i_get_a_cart,True,2,1,word_shuffle_game,24df12fb92828b07
1e8d002cad9e3ce7,2025-05-15T19:39:20,i,avião,bagagem,where_can_i_get_a_cart,True,2,1,word_shuffle_game,24df12fb92828b07
1e8d002cad9e3ce7,2025-05-15T19:39:20,get,avião,bagagem,where_can_i_get_a_cart,True,2,1,word_shuffle_game,24df12fb92828b07
1e8d002cad9e3ce7,2025-05-15T19:39:21,a,avião,bagagem,where_can_i_get_a_cart,True,2,1,word_shuffle_game,24df12fb92828b07
1e8d002cad9e3ce7,2025-05-15T19:39:26,cart,avião,bagagem,where_can_i_get_a_cart,True,3,1,word_shuffle_game,24df12fb92828b07
1e8d002cad9e3ce7,2025-05-15T19:39:51,hood,moda,alfaiataria,hood,True,0,1,word_shuffle_game,3560537a00f38cf9
22be808008f93093,2025-05-15T20:05:43,stuffed,compras,loja_de_artigos_para_criança,stuffed_toy,True,2,1,word_shuffle_game,421f9095f9833fb4
22be808008f93093,2025-05-15T20:07:56,drive,carro,conduzir_e_estacionar,i_rarely_drive_above_100_kmh,True,5,1,word_shuffle_game,4fe2091fcd99a743
22be808008f93093,2025-05-15T20:07:58,above,carro,conduzir_e_estacionar,i_rarely_drive_above_100_kmh,True,5,1,word_shuffle_game,4fe2091fcd99a743
22be808008f93093,2025-05-15T20:07:59,100,carro,conduzir_e_estacionar,i_rarely_drive_above_100_kmh,True,5,1,word_shuffle_game,4fe2091fcd99a743
22be808008f93093,2025-05-15T20:07:59,km/h,carro,conduzir_e_estacionar,i_rarely_drive_above_100_kmh,True,5,1,word_shuffle_game,4fe2091fcd99a743
22be808008f93093,2025-05-15T20:08:17,rarely,carro,conduzir_e_estacionar,i_rarely_drive_above_100_kmh,True,5,1,word_shuffle_game,4fe2091fcd99a743
22be808008f93093,2025-05-15T20:08:36,them,outras_partes_do_discurso,pronomes,them,True,1,2,word_shuffle_game,2d134763a849d71e
22be808008f93093,2025-05-15T20:09:17,roads,carro,conduzir_e_estacionar,the_roads_are_icy_today,True,3,1,word_shuffle_game,76d0aa52a03a80fb
22be808008f93093,2025-05-15T20:09:36,icy,carro,conduzir_e_estacionar,the_roads_are_icy_today,True,3,2,word_shuffle_game,76d0aa52a03a80fb
22be808008f93093,2025-05-15T20:09:49,turn,comunicações,tv_e_rádio,to_turn_on,True,2,1,word_shuffle_game,3d8e91e30cc40b4e
22be808008f93093,2025-05-15T20:09:50,on,comunicações,tv_e_rádio,to_turn_on,True,2,1,word_shuffle_game,3d8e91e30cc40b4e
22be808008f93093,2025-05-15T20:10:14,baggage,avião,bagagem,my_baggage_is_broken_and_some_things_are_missing,True,1,1,word_shuffle_game,28fb5a868b527551
22be808008f93093,2025-05-15T20:10:46,broken,avião,bagagem,my_baggage_is_broken_and_some_things_are_missing,True,1,2,word_shuffle_game,28fb5a868b527551
22be808008f93093,2025-05-15T20:11:03,some,avião,bagagem,my_baggage_is_broken_and_some_things_are_missing,True,2,1,word_shuffle_game,28fb5a868b527551
22be808008f93093,2025-05-15T20:11:04,things,avião,bagagem,my_baggage_is_broken_and_some_things_are_missing,True,2,1,word_shuffle_game,28fb5a868b527551
22be808008f93093,2025-05-15T20:11:05,missing,avião,bagagem,my_baggage_is_broken_and_some_things_are_missing,True,2,1,word_shuffle_game,28fb5a868b527551
927367b0cc71927,2025-05-15T20:14:11,need,avião,bagagem,do_i_need_to_check_this_or_can_i_take_it_with_me,True,0,1,word_shuffle_game,c26c63bd437f7ee
927367b0cc71927,2025-05-15T20:14:34,light,tempo_de_lazer,campismo,to_light_a_fire,True,1,1,word_shuffle_game,1391ea30f8a2bcc3
927367b0cc71927,2025-05-15T20:14:35,fire,tempo_de_lazer,campismo,to_light_a_fire,True,1,1,word_shuffle_game,1391ea30f8a2bcc3
927367b0cc71927,2025-05-15T20:14:52,plastic,compras,produtos_para_o_lar,plastic_bag,True,0,1,word_shuffle_game,16d62fe427933428
927367b0cc71927,2025-05-15T20:14:53,bag,compras,produtos_para_o_lar,plastic_bag,True,0,1,word_shuffle_game,16d62fe427933428
927367b0cc71927,2025-05-15T20:15:29,anybody,fazer_amigos,local_de_residência,do_you_live_with_anybody,True,4,1,word_shuffle_game,53b91be90bf671f9
927367b0cc71927,2025-05-15T20:15:30,live,fazer_amigos,local_de_residência,do_you_live_with_anybody,True,4,1,word_shuffle_game,53b91be90bf671f9
927367b0cc71927,2025-05-15T20:16:16,metallic,avião,fazer_o_check_in,please_put_any_metallic_objects_into_the_tray,True,3,2,word_shuffle_game,3baac94a80eff6b7
927367b0cc71927,2025-05-15T20:16:45,here,avião,bagagem,here_is_my_bag_tag,True,1,1,word_shuffle_game,4d6478e876f3593e
927367b0cc71927,2025-05-15T20:16:47,bag,avião,bagagem,here_is_my_bag_tag,True,1,1,word_shuffle_game,4d6478e876f3593e
927367b0cc71927,2025-05-15T20:16:48,tag,avião,bagagem,here_is_my_bag_tag,True,1,1,word_shuffle_game,4d6478e876f3593e
927367b0cc71927,2025-05-15T20:18:31,delay,avião,fazer_o_check_in,we_apologize_for_the_delay,True,2,1,word_shuffle_game,1247e89e4817d0fb
927367b0cc71927,2025-05-15T20:19:09,apologize,avião,fazer_o_check_in,we_apologize_for_the_delay,False,2,3,word_shuffle_game,1247e89e4817d0fb
927367b0cc71927,2025-05-15T20:21:22,there,compras,no_loja_de_departamentos,are_there_any_salespeople_who_speak_lithuanian,True,3,1,word_shuffle_game,5d23b40f79a62b6e
927367b0cc71927,2025-05-15T20:21:56,salespeople,compras,no_loja_de_departamentos,are_there_any_salespeople_who_speak_lithuanian,False,3,1,word_shuffle_game,5d23b40f79a62b6e
927367b0cc71927,2025-05-15T20:21:57,speak,compras,no_loja_de_departamentos,are_there_any_salespeople_who_speak_lithuanian,False,3,1,word_shuffle_game,5d23b40f79a62b6e
927367b0cc71927,2025-05-15T20:21:58,lithuanian,compras,no_loja_de_departamentos,are_there_any_salespeople_who_speak_lithuanian,False,3,1,word_shuffle_game,5d23b40f79a62b6e
927367b0cc71927,2025-05-15T20:22:28,baggage,avião,bagagem,where_are_the_baggage_lockers,True,0,1,word_shuffle_game,2705f195c7fe5c09
927367b0cc71927,2025-05-15T20:23:27,frozen,compras,no_supermercado,could_you_tell_me_where_the_frozen_food_section_is,True,4,1,word_shuffle_game,180601c32c905d00
927367b0cc71927,2025-05-15T20:24:17,food,compras,no_supermercado,could_you_tell_me_where_the_frozen_food_section_is,True,6,2,word_shuffle_game,180601c32c905d00
927367b0cc71927,2025-05-15T20:25:24,section,compras,no_supermercado,could_you_tell_me_where_the_frozen_food_section_is,True,8,4,word_shuffle_game,180601c32c905d00
927367b0cc71927,2025-05-15T20:26:04,superstar,nomes,pessoas,superstar,True,1,1,word_shuffle_game,34d99f4fa392e371
927367b0cc71927,2025-05-15T20:26:22,feel,verbos,expressão_de_sentimentos,to_feel,True,0,1,word_shuffle_game,307eb905b106bb76
927367b0cc71927,2025-05-15T20:26:38,bed,hotel,reclamações,"i_booked_a_double_bed,_but_i_got_a_twin",True,1,1,word_shuffle_game,6d3595338a584451
927367b0cc71927,2025-05-15T20:26:46,mean,descrição_de_pessoas,caracteristicas_2,mean,True,0,1,word_shuffle_game,2c995991296ef77f
927367b0cc71927,2025-05-15T20:27:47,thousand,sistemas,numerais_cardinais,ten_thousand,True,1,1,word_shuffle_game,4477bb94d10e9369
42d21d644e20c342,2025-05-15T20:28:47,middle,nomes,substantivos_concretos_1,middle,True,0,1,word_shuffle_game,54f16462f852c453
42d21d644e20c342,2025-05-15T20:28:56,neck,saude,farmacia,neck_brace,True,0,1,word_shuffle_game,1c2690c45d121478
42d21d644e20c342,2025-05-15T20:29:32,if,conversa_geral,ajuda_e_conselhos,"if_i_were_you,_i'd_do_the_same",True,4,1,word_shuffle_game,671d8ced3880fe51
42d21d644e20c342,2025-05-15T20:29:45,were,conversa_geral,ajuda_e_conselhos,"if_i_were_you,_i'd_do_the_same",True,4,2,word_shuffle_game,671d8ced3880fe51
42d21d644e20c342,2025-05-15T20:29:46,i'd,conversa_geral,ajuda_e_conselhos,"if_i_were_you,_i'd_do_the_same",True,4,1,word_shuffle_game,671d8ced3880fe51
42d21d644e20c342,2025-05-15T20:29:50,same,conversa_geral,ajuda_e_conselhos,"if_i_were_you,_i'd_do_the_same",True,4,1,word_shuffle_game,671d8ced3880fe51
42d21d644e20c342,2025-05-15T20:30:19,how,hotel,alugar_um_apartamento,how_does_the_stove_work,True,0,1,word_shuffle_game,c28ea2505d3252
42d21d644e20c342,2025-05-15T20:30:20,does,hotel,alugar_um_apartamento,how_does_the_stove_work,True,0,1,word_shuffle_game,c28ea2505d3252
42d21d644e20c342,2025-05-15T20:30:21,stove,hotel,alugar_um_apartamento,how_does_the_stove_work,True,0,1,word_shuffle_game,c28ea2505d3252
42d21d644e20c342,2025-05-15T20:30:22,work,hotel,alugar_um_apartamento,how_does_the_stove_work,True,0,1,word_shuffle_game,c28ea2505d3252
42d21d644e20c342,2025-05-15T20:30:33,door,casa,partes_da_casa,back_door,True,0,1,word_shuffle_game,2800c6b15a95fa25
42d21d644e20c342,2025-05-15T20:30:41,off,comunicações,tv_e_rádio,to_turn_off,True,0,1,word_shuffle_game,11c2482af9e36f71
42d21d644e20c342,2025-05-15T20:31:10,sit,avião,no_avião,can_i_sit_over_there,True,2,1,word_shuffle_game,4b2437dd51628ad9
42d21d644e20c342,2025-05-15T20:31:11,over,avião,no_avião,can_i_sit_over_there,True,2,1,word_shuffle_game,4b2437dd51628ad9
42d21d644e20c342,2025-05-15T20:32:09,beautiful,encontros,elogios,you_have_beautiful_eyes,True,1,6,word_shuffle_game,a30fbb23a8bf4e3
42d21d644e20c342,2025-05-15T20:32:41,national,cidades,atrações_turisticas,national_park,True,2,1,word_shuffle_game,3423a2753ca47312
42d21d644e20c342,2025-05-15T20:33:47,let,conversa_geral,ajuda_e_conselhos,please_let_me_know_if_you_need_my_help,True,3,1,word_shuffle_game,1a8f42b94f2c6ca7
42d21d644e20c342,2025-05-15T20:33:48,if,conversa_geral,ajuda_e_conselhos,please_let_me_know_if_you_need_my_help,True,3,1,word_shuffle_game,1a8f42b94f2c6ca7
42d21d644e20c342,2025-05-15T20:33:49,need,conversa_geral,ajuda_e_conselhos,please_let_me_know_if_you_need_my_help,True,3,1,word_shuffle_game,1a8f42b94f2c6ca7
42d21d644e20c342,2025-05-15T20:33:50,help,conversa_geral,ajuda_e_conselhos,please_let_me_know_if_you_need_my_help,True,3,1,word_shuffle_game,1a8f42b94f2c6ca7
42d21d644e20c342,2025-05-15T20:34:35,bus,outro_transporte,no_terminal_de_camionetas,s_this_the_bus_t_moscow,True,0,1,word_shuffle_game,4d951f376bd984f5
42d21d644e20c342,2025-05-15T20:35:02,moscow,outro_transporte,no_terminal_de_camionetas,s_this_the_bus_t_moscow,False,0,1,word_shuffle_game,4d951f376bd984f5
42d21d644e20c342,2025-05-15T20:35:09,help,conversa_geral,ajuda_e_conselhos,are_you_going_to_help_her,True,0,1,word_shuffle_game,70e792ddd83c187f
42d21d644e20c342,2025-05-15T20:36:23,how,outro_transporte,navio,how_long_does_the_ship_stay_in_port,True,5,1,word_shuffle_game,542e7a0014c59930
42d21d644e20c342,2025-05-15T20:36:24,long,outro_transporte,navio,how_long_does_the_ship_stay_in_port,True,5,1,word_shuffle_game,542e7a0014c59930
42d21d644e20c342,2025-05-15T20:36:25,does,outro_transporte,navio,how_long_does_the_ship_stay_in_port,True,5,1,word_shuffle_game,542e7a0014c59930
42d21d644e20c342,2025-05-15T20:36:26,ship,outro_transporte,navio,how_long_does_the_ship_stay_in_port,True,5,1,word_shuffle_game,542e7a0014c59930
42d21d644e20c342,2025-05-15T20:36:27,stay,outro_transporte,navio,how_long_does_the_ship_stay_in_port,True,5,1,word_shuffle_game,542e7a0014c59930
42d21d644e20c342,2025-05-15T20:36:28,port,outro_transporte,navio,how_long_does_the_ship_stay_in_port,True,5,1,word_shuffle_game,542e7a0014c59930
42d21d644e20c342,2025-05-15T20:37:15,slices,comida,fruta,cut_the_melon_into_thick_slices,True,4,1,word_shuffle_game,6320e79995a3536a
42d21d644e20c342,2025-05-15T20:39:12,thick,comida,fruta,cut_the_melon_into_thick_slices,False,16,5,word_shuffle_game,6320e79995a3536a
675febc627892dbe,2025-05-16T19:55:36,o'clock,hotel,durante_a_sua_estadia,i'll_be_back_around_ten_o'clock,True,1,1,word_shuffle_game,1b73b2e0e5e26230
675febc627892dbe,2025-05-16T19:58:12,around,hotel,durante_a_sua_estadia,i'll_be_back_around_ten_o'clock,True,11,4,word_shuffle_game,1b73b2e0e5e26230
675febc627892dbe,2025-05-16T19:58:44,something,compras,roupas,i_want_something_made_of_cotton,True,3,1,word_shuffle_game,47fddd61d2bcee1f
675febc627892dbe,2025-05-16T19:59:13,like,comida,alimentos_básicos_e_especiarias,she_doesn't_like_arugula,True,2,1,word_shuffle_game,4ba1abe70f50e40c
675febc627892dbe,2025-05-16T20:01:08,doesn't,comida,alimentos_básicos_e_especiarias,she_doesn't_like_arugula,False,4,7,word_shuffle_game,4ba1abe70f50e40c
675febc627892dbe,2025-05-16T20:01:16,arugula,comida,alimentos_básicos_e_especiarias,she_doesn't_like_arugula,False,4,2,word_shuffle_game,4ba1abe70f50e40c
675febc627892dbe,2025-05-16T20:01:27,off,comunicações,tv_e_rádio,to_turn_off,True,0,1,word_shuffle_game,3f2c9fe2a776a0e7
675febc627892dbe,2025-05-16T20:01:38,down,verbos,ações_1,to_go_down,True,1,1,word_shuffle_game,4735a91fa073b9fb
675febc627892dbe,2025-05-16T20:01:45,suck,corpo,ações,to_suck,True,0,1,word_shuffle_game,3045e7f0fed7425b
675febc627892dbe,2025-05-16T20:02:07,roll,hotel,alugar_um_apartamento,i_need_a_roll_of_plastic_wrap,True,0,1,word_shuffle_game,671464c6a1d613c
675febc627892dbe,2025-05-16T20:03:43,wrap,hotel,alugar_um_apartamento,i_need_a_roll_of_plastic_wrap,False,7,7,word_shuffle_game,671464c6a1d613c
675febc627892dbe,2025-05-16T20:04:24,insurance,carro,aluguer_de_carro,i_do_not_need_insurance,True,2,1,word_shuffle_game,5623f013b853019a
675febc627892dbe,2025-05-16T20:04:43,yes,fazer_amigos,família_e_relacionamentos,"yes,_i_have_three_kids",True,1,1,word_shuffle_game,46cf9af2be78f67f
675febc627892dbe,2025-05-16T20:04:46,kids,fazer_amigos,família_e_relacionamentos,"yes,_i_have_three_kids",True,1,1,word_shuffle_game,46cf9af2be78f67f
675febc627892dbe,2025-05-16T20:04:49,three,fazer_amigos,família_e_relacionamentos,"yes,_i_have_three_kids",True,1,2,word_shuffle_game,46cf9af2be78f67f
675febc627892dbe,2025-05-16T20:05:07,dentures,saude,consultorio_dentista,dentures,True,0,1,word_shuffle_game,345d8ea184df5694
675febc627892dbe,2025-05-16T20:10:20,don't,outro_transporte,na_estação_de_comboios,i_don't_mind_traveling_by_train_every_day,True,9,1,word_shuffle_game,18a3114c5ca8774a
675febc627892dbe,2025-05-16T20:10:21,mind,outro_transporte,na_estação_de_comboios,i_don't_mind_traveling_by_train_every_day,True,9,1,word_shuffle_game,18a3114c5ca8774a
675febc627892dbe,2025-05-16T20:10:22,traveling,outro_transporte,na_estação_de_comboios,i_don't_mind_traveling_by_train_every_day,True,9,1,word_shuffle_game,18a3114c5ca8774a
675febc627892dbe,2025-05-16T20:10:23,by,outro_transporte,na_estação_de_comboios,i_don't_mind_traveling_by_train_every_day,True,9,1,word_shuffle_game,18a3114c5ca8774a
675febc627892dbe,2025-05-16T20:10:24,train,outro_transporte,na_estação_de_comboios,i_don't_mind_traveling_by_train_every_day,True,9,1,word_shuffle_game,18a3114c5ca8774a
675febc627892dbe,2025-05-16T20:10:25,every,outro_transporte,na_estação_de_comboios,i_don't_mind_traveling_by_train_every_day,True,9,1,word_shuffle_game,18a3114c5ca8774a
675febc627892dbe,2025-05-16T20:11:43,hobby,fazer_amigos,coisas_que_gosta_e_não_gosta,ay_hobby_i_hotograpt,True,0,1,word_shuffle_game,51bf8c1bd4dee9f9
675febc627892dbe,2025-05-16T20:12:57,photography,fazer_amigos,coisas_que_gosta_e_não_gosta,ay_hobby_i_hotograpt,True,0,5,word_shuffle_game,51bf8c1bd4dee9f9
675febc627892dbe,2025-05-16T20:13:41,piece,avião,bagagem,that's_too_large_for_a_piece_of_hand_baggage,True,1,2,word_shuffle_game,78e5e6b4af37cdfc
675febc627892dbe,2025-05-16T20:13:52,baggage,avião,bagagem,that's_too_large_for_a_piece_of_hand_baggage,True,1,1,word_shuffle_game,78e5e6b4af37cdfc
675febc627892dbe,2025-05-16T20:14:05,make,verbos,ações_1,to_make,True,0,1,word_shuffle_game,2ccc9e5b90a3efd9
675febc627892dbe,2025-05-16T20:14:17,room,cidades,hotel,double_room,True,0,1,word_shuffle_game,64ed9d6644af7035
675febc627892dbe,2025-05-16T20:14:27,ship,transportes,transportes_aquaticos,ship,True,0,1,word_shuffle_game,6966f3827493ee39
675febc627892dbe,2025-05-16T20:14:34,car,segurança,polícia,police_car,True,0,1,word_shuffle_game,45fffbe853b991a7
675febc627892dbe,2025-05-16T20:16:06,must,hotel,reclamações,there_must_be_a_mistake_these_aren't_mine,True,1,1,word_shuffle_game,1d459fb4d2561
675febc627892dbe,2025-05-16T20:16:08,mistake,hotel,reclamações,there_must_be_a_mistake_these_aren't_mine,True,1,1,word_shuffle_game,1d459fb4d2561
675febc627892dbe,2025-05-16T20:16:10,these,hotel,reclamações,there_must_be_a_mistake_these_aren't_mine,True,1,1,word_shuffle_game,1d459fb4d2561
675febc627892dbe,2025-05-16T20:16:16,mine,hotel,reclamações,there_must_be_a_mistake_these_aren't_mine,True,1,1,word_shuffle_game,1d459fb4d2561
675febc627892dbe,2025-05-16T20:16:41,aren't,hotel,reclamações,there_must_be_a_mistake_these_aren't_mine,True,2,2,word_shuffle_game,1d459fb4d2561
675febc627892dbe,2025-05-16T20:17:10,wrong,hotel,fazer_o_check_out,you_gave_me_the_wrong_change,True,1,1,word_shuffle_game,227fbf50c3d02a3
675febc627892dbe,2025-05-16T20:17:18,change,hotel,fazer_o_check_out,you_gave_me_the_wrong_change,True,1,1,word_shuffle_game,227fbf50c3d02a3
675febc627892dbe,2025-05-16T20:17:34,off,transportes,transportes_aéreos,to_take_off,True,0,1,word_shuffle_game,29307e8fe61a55cd
675febc627892dbe,2025-05-16T20:17:56,taste,corpo,ações,to_taste,True,0,1,word_shuffle_game,3bf1e4a231ed77b0
675febc627892dbe,2025-05-16T22:16:54,contact,meios_de_comunicação,carta,it's_been_such_a_long_time_since_we_had_any_contact,True,8,1,word_shuffle_game,2835a566d4c122f5
675febc627892dbe,2025-05-16T22:16:57,such,meios_de_comunicação,carta,it's_been_such_a_long_time_since_we_had_any_contact,True,8,1,word_shuffle_game,2835a566d4c122f5
675febc627892dbe,2025-05-16T22:16:59,it's,meios_de_comunicação,carta,it's_been_such_a_long_time_since_we_had_any_contact,True,8,1,word_shuffle_game,2835a566d4c122f5
675febc627892dbe,2025-05-16T22:18:29,been,meios_de_comunicação,carta,it's_been_such_a_long_time_since_we_had_any_contact,False,12,3,word_shuffle_game,2835a566d4c122f5
675febc627892dbe,2025-05-16T22:18:32,since,meios_de_comunicação,carta,it's_been_such_a_long_time_since_we_had_any_contact,False,12,1,word_shuffle_game,2835a566d4c122f5
675febc627892dbe,2025-05-16T22:19:26,break,serviços,no_banco,could_you_break_this_100_dollar_bill,True,1,1,word_shuffle_game,2d102eabde28c386
675febc627892dbe,2025-05-16T22:19:28,bill,serviços,no_banco,could_you_break_this_100_dollar_bill,True,1,1,word_shuffle_game,2d102eabde28c386
675febc627892dbe,2025-05-16T22:19:36,off,transportes,transportes_aéreos,to_take_off,True,0,1,word_shuffle_game,c52a760b8835c66
675febc627892dbe,2025-05-16T22:19:52,crying,conversa_geral,expressar_sentimentos,why_are_you_crying,True,1,1,word_shuffle_game,4a6e4247f720dbf
675febc627892dbe,2025-05-16T22:20:43,can't,conversa_geral,concordar_e_discordar,i_can't_say_that_i_share_your_view,True,3,1,word_shuffle_game,1c3ce548e2ba961b
675febc627892dbe,2025-05-16T22:20:44,say,conversa_geral,concordar_e_discordar,i_can't_say_that_i_share_your_view,True,3,1,word_shuffle_game,1c3ce548e2ba961b
675febc627892dbe,2025-05-16T22:20:46,share,conversa_geral,concordar_e_discordar,i_can't_say_that_i_share_your_view,True,3,1,word_shuffle_game,1c3ce548e2ba961b
675febc627892dbe,2025-05-16T22:20:47,view,conversa_geral,concordar_e_discordar,i_can't_say_that_i_share_your_view,True,3,1,word_shuffle_game,1c3ce548e2ba961b
675febc627892dbe,2025-05-16T22:20:57,on,comunicações,tv_e_rádio,to_turn_on,True,1,1,word_shuffle_game,24feff40bfd45719
675febc627892dbe,2025-05-16T22:22:36,university,educação,na_universidade,what_departments_has_this_university_got,True,0,2,word_shuffle_game,56488d07a467cfac
675febc627892dbe,2025-05-16T22:23:18,departments,educação,na_universidade,what_departments_has_this_university_got,True,0,2,word_shuffle_game,56488d07a467cfac
675febc627892dbe,2025-05-16T22:23:29,like,verbos,expressão_de_sentimentos,to_like,True,0,1,word_shuffle_game,58c6590aac11cbde
675febc627892dbe,2025-05-16T22:23:53,pepper,comida_e_bebidas,condimentos,black_pepper,True,0,1,word_shuffle_game,5d27317750181279
675febc627892dbe,2025-05-16T22:24:22,rental,tempo_de_lazer,viagens,car_rental,True,2,1,word_shuffle_game,f07a15c117228d8
675febc627892dbe,2025-05-16T22:24:23,car,tempo_de_lazer,viagens,car_rental,True,2,1,word_shuffle_game,f07a15c117228d8
675febc627892dbe,2025-05-16T22:24:32,trash,compras,produtos_para_o_lar,trash_bag,True,0,1,word_shuffle_game,19b63e47ee0ca351
675febc627892dbe,2025-05-16T22:24:40,born,pessoas,idade_e_eventos_da_vida,to_be_born,True,0,1,word_shuffle_game,46406deff5740bfa
675febc627892dbe,2025-05-16T22:24:55,track,esportes,esportes_de_verão,track_and_field,True,1,1,word_shuffle_game,4faeba390194a10e
675febc627892dbe,2025-05-16T22:24:58,field,esportes,esportes_de_verão,track_and_field,True,1,1,word_shuffle_game,4faeba390194a10e
675febc627892dbe,2025-05-16T22:25:46,born,fazer_amigos,idade_nacionalidade_e_religião,i_was_born_in_1992,True,0,1,word_shuffle_game,1cdf7375d7b81d06
675febc627892dbe,2025-05-16T22:25:47,1992,fazer_amigos,idade_nacionalidade_e_religião,i_was_born_in_1992,True,0,1,word_shuffle_game,1cdf7375d7b81d06
675febc627892dbe,2025-05-16T22:26:06,urine,saúde,tratamento,we_need_to_take_a_urine_sample,True,0,1,word_shuffle_game,1ffb623c8b1e2002
675febc627892dbe,2025-05-16T22:26:07,sample,saúde,tratamento,we_need_to_take_a_urine_sample,True,0,1,word_shuffle_game,1ffb623c8b1e2002
675febc627892dbe,2025-05-16T22:26:21,born,pessoas,idade_e_eventos_da_vida,to_be_born,True,0,1,word_shuffle_game,1555faf2ec53936f
675febc627892dbe,2025-05-16T22:27:49,don't,comida,alimentos_básicos_e_especiarias,they_don't_like_paprika_sauce,True,4,1,word_shuffle_game,44a9839f5bfd75a9
675febc627892dbe,2025-05-16T22:27:51,like,comida,alimentos_básicos_e_especiarias,they_don't_like_paprika_sauce,True,4,1,word_shuffle_game,44a9839f5bfd75a9
675febc627892dbe,2025-05-16T22:27:53,sauce,comida,alimentos_básicos_e_especiarias,they_don't_like_paprika_sauce,True,4,1,word_shuffle_game,44a9839f5bfd75a9
675febc627892dbe,2025-05-16T22:28:09,paprika,comida,alimentos_básicos_e_especiarias,they_don't_like_paprika_sauce,True,4,2,word_shuffle_game,44a9839f5bfd75a9
675febc627892dbe,2025-05-16T22:28:51,puff,comida_e_bebidas,pães,puff_pastry,True,5,1,word_shuffle_game,65fcaf11552e1ffc
675febc627892dbe,2025-05-16T22:28:52,pastry,comida_e_bebidas,pães,puff_pastry,True,5,1,word_shuffle_game,65fcaf11552e1ffc
675febc627892dbe,2025-05-16T22:29:13,tomorrow,advérbios,de_tempo_e_frequência,tomorrow,True,1,1,word_shuffle_game,4ea7990d6a224c4b
675febc627892dbe,2025-05-16T22:29:49,done,empregos,no_local_de_trabalho,have_you_done_this_before,True,3,1,word_shuffle_game,404cc1ba8544eaf1
675febc627892dbe,2025-05-16T22:29:50,before,empregos,no_local_de_trabalho,have_you_done_this_before,True,3,1,word_shuffle_game,404cc1ba8544eaf1
675febc627892dbe,2025-05-16T22:30:31,would,conversa_geral,ajuda_e_conselhos,would_you_be_so_kind_as_to_explain_itagain,True,0,1,word_shuffle_game,69cbd061326e4955
675febc627892dbe,2025-05-16T22:31:24,again,conversa_geral,ajuda_e_conselhos,would_you_be_so_kind_as_to_explain_itagain,True,2,1,word_shuffle_game,69cbd061326e4955
675febc627892dbe,2025-05-16T22:31:25,kind,conversa_geral,ajuda_e_conselhos,would_you_be_so_kind_as_to_explain_itagain,True,2,1,word_shuffle_game,69cbd061326e4955
675febc627892dbe,2025-05-16T22:31:26,as,conversa_geral,ajuda_e_conselhos,would_you_be_so_kind_as_to_explain_itagain,True,2,1,word_shuffle_game,69cbd061326e4955
675febc627892dbe,2025-05-16T22:31:55,explain,conversa_geral,ajuda_e_conselhos,would_you_be_so_kind_as_to_explain_itagain,True,3,1,word_shuffle_game,69cbd061326e4955
675febc627892dbe,2025-05-16T22:32:16,sign,educação,matematica,sion_i,True,1,1,word_shuffle_game,2d97326ec02d082e
675febc627892dbe,2025-05-16T22:32:54,costs,avião,controlo_de_passaporte_e_alfândega,it_costs_about_200_american_dollars,True,1,1,word_shuffle_game,73b3e54607907ed0
675febc627892dbe,2025-05-16T22:32:55,200,avião,controlo_de_passaporte_e_alfândega,it_costs_about_200_american_dollars,True,1,1,word_shuffle_game,73b3e54607907ed0
675febc627892dbe,2025-05-16T22:32:59,american,avião,controlo_de_passaporte_e_alfândega,it_costs_about_200_american_dollars,True,1,1,word_shuffle_game,73b3e54607907ed0
675febc627892dbe,2025-05-16T22:33:01,dollars,avião,controlo_de_passaporte_e_alfândega,it_costs_about_200_american_dollars,True,1,1,word_shuffle_game,73b3e54607907ed0
675febc627892dbe,2025-05-16T22:33:08,buy,compras,em_loja,to_buy,True,0,1,word_shuffle_game,19495223b0ee0e91
675febc627892dbe,2025-05-16T22:33:20,dentures,saúde,no_dentista,can_you_fix_my_dentures,True,0,1,word_shuffle_game,266679c1d5336fa4
675febc627892dbe,2025-05-16T22:33:31,recycle,ambiente,poluição,to_recycle,True,0,1,word_shuffle_game,4353eaef64eda896
675febc627892dbe,2025-05-16T22:33:46,impossible,conversa_geral,concordar_e_discordar,"i'm_sorry,_but_that's_impossible",True,0,1,word_shuffle_game,7ebe2044977e72b1
675febc627892dbe,2025-05-16T22:34:18,make,verbos,eficácia,to_make_a_mistake,True,1,1,word_shuffle_game,269ce93be12e15f6
675febc627892dbe,2025-05-16T22:35:04,mistake,verbos,eficácia,to_make_a_mistake,True,1,4,word_shuffle_game,269ce93be12e15f6
675febc627892dbe,2025-05-16T22:35:20,many,avião,bagagem,how_many_bags_do_you_have,True,1,1,word_shuffle_game,487656ea9a94b95d
675febc627892dbe,2025-05-16T22:35:32,buy,compras,dispositivos_eletrónicos,can_i_buy_a_cell_phone,True,0,1,word_shuffle_game,68dd4aa9fac2c913
675febc627892dbe,2025-05-16T22:35:43,cell,compras,dispositivos_eletrónicos,can_i_buy_a_cell_phone,True,1,1,word_shuffle_game,68dd4aa9fac2c913
675febc627892dbe,2025-05-16T22:35:44,phone,compras,dispositivos_eletrónicos,can_i_buy_a_cell_phone,True,1,1,word_shuffle_game,68dd4aa9fac2c913
675febc627892dbe,2025-05-16T22:37:45,pulled,saúde,doenças,i_think_i've_pulled_a_muscle_in_my_leg,True,8,4,word_shuffle_game,2dd319d809c8ed8f
675febc627892dbe,2025-05-16T22:37:52,think,saúde,doenças,i_think_i've_pulled_a_muscle_in_my_leg,True,9,1,word_shuffle_game,2dd319d809c8ed8f
675febc627892dbe,2025-05-16T22:38:00,muscle,saúde,doenças,i_think_i've_pulled_a_muscle_in_my_leg,True,10,1,word_shuffle_game,2dd319d809c8ed8f
675febc627892dbe,2025-05-16T22:38:01,leg,saúde,doenças,i_think_i've_pulled_a_muscle_in_my_leg,True,10,1,word_shuffle_game,2dd319d809c8ed8f
675febc627892dbe,2025-05-16T22:38:19,widow,animais,insetos_e_aracnídeos,black_widow,True,0,1,word_shuffle_game,6f56eb95fcb4d474
675febc627892dbe,2025-05-16T22:38:33,rich,adjetivos,sobre_as_pessoas,rich,True,1,1,word_shuffle_game,4f52a629fa32b3e
675febc627892dbe,2025-05-16T22:39:33,follow,viagem,dar_indicações,follow_the_signs_for_downtown,True,0,3,word_shuffle_game,539ce5c68495ed3e
675febc627892dbe,2025-05-16T22:40:10,signs,viagem,dar_indicações,follow_the_signs_for_downtown,True,1,2,word_shuffle_game,539ce5c68495ed3e
675febc627892dbe,2025-05-16T22:41:34,downtown,viagem,dar_indicações,follow_the_signs_for_downtown,True,2,2,word_shuffle_game,539ce5c68495ed3e
675febc627892dbe,2025-05-16T22:41:50,around,outras_partes_do_discurso,preposições,around,True,1,1,word_shuffle_game,56505445afae0920
675febc627892dbe,2025-05-16T22:43:01,section,compras,no_supermercado,could_you_tell_me_where_the_frozen_food_section_is,True,3,1,word_shuffle_game,f852cc0c5a5912c
675febc627892dbe,2025-05-16T22:43:02,food,compras,no_supermercado,could_you_tell_me_where_the_frozen_food_section_is,True,3,1,word_shuffle_game,f852cc0c5a5912c
675febc627892dbe,2025-05-16T22:44:13,honor,descrição_de_pessoas,valores_e_vícios,honor,True,1,1,word_shuffle_game,27b0c4373a0fc1ad
675febc627892dbe,2025-05-16T22:44:56,finished,comida,carne_e_peixe,"i'm_sorry,_but_the_shrimp_soup_is_finished",True,1,1,word_shuffle_game,7fd91594be8b9485
675febc627892dbe,2025-05-16T22:46:36,shrimp,comida,carne_e_peixe,"i'm_sorry,_but_the_shrimp_soup_is_finished",True,11,3,word_shuffle_game,7fd91594be8b9485
675febc627892dbe,2025-05-16T22:46:49,now,advérbios,de_tempo_e_frequência,now,True,0,1,word_shuffle_game,2414f6435021c769
675febc627892dbe,2025-05-16T22:47:37,these,avião,bagagem,these_are_my_suitcases,True,1,2,word_shuffle_game,3587c413cd22c01
675febc627892dbe,2025-05-16T22:48:25,suitcases,avião,bagagem,these_are_my_suitcases,True,1,2,word_shuffle_game,3587c413cd22c01
675febc627892dbe,2025-05-16T22:49:29,middle,adjetivos,descrições_1,middle,True,0,1,word_shuffle_game,1e1f24355dcbf998
675febc627892dbe,2025-05-16T22:50:43,like,compras,no_supermercado,i'd_like_six_slices_of_ham,True,4,2,word_shuffle_game,440899a8498653c3
675febc627892dbe,2025-05-16T22:50:45,slices,compras,no_supermercado,i'd_like_six_slices_of_ham,True,4,1,word_shuffle_game,440899a8498653c3
675febc627892dbe,2025-05-16T22:50:46,ham,compras,no_supermercado,i'd_like_six_slices_of_ham,True,4,1,word_shuffle_game,440899a8498653c3
675febc627892dbe,2025-05-16T22:51:16,can't,comida,alimentos_básicos_e_especiarias,i_can't_eat_wheat,True,3,1,word_shuffle_game,741079bc1b584610
675febc627892dbe,2025-05-16T22:53:58,wheat,comida,alimentos_básicos_e_especiarias,i_can't_eat_wheat,True,14,11,word_shuffle_game,741079bc1b584610
675febc627892dbe,2025-05-16T22:54:58,croissants,comida,comida_para_o_pequeno_almoço,do_you_eat_croissants_every_day,True,0,1,word_shuffle_game,75e88dc063598d6c
675febc627892dbe,2025-05-16T22:55:00,every,comida,comida_para_o_pequeno_almoço,do_you_eat_croissants_every_day,True,0,1,word_shuffle_game,75e88dc063598d6c
675febc627892dbe,2025-05-16T22:55:12,mean,verbos,comunicação,to_mean,True,0,1,word_shuffle_game,33eb7cc9248f2eda
675febc627892dbe,2025-05-16T22:55:22,just,advérbios,de_tempo_e_frequência,just,True,0,1,word_shuffle_game,382ee7904f07cb77
675febc627892dbe,2025-05-16T22:55:31,hunt,comida_e_bebidas,carne,game,True,0,1,word_shuffle_game,148cf275a0969255
675febc627892dbe,2025-05-16T22:55:51,these,outras_partes_do_discurso,expressão_de_quantidades,these,True,0,1,word_shuffle_game,11c6cc2a0ed4f164
675febc627892dbe,2025-05-16T22:56:36,pretty,descrição_de_pessoas,caracteristicas_fisicas,pretty,True,2,1,word_shuffle_game,165419e86bac78f6
675febc627892dbe,2025-05-16T22:56:58,brush,saúde,no_dentista,i_brush_my_teeth,True,0,2,word_shuffle_game,5b9f22d857aca362
675febc627892dbe,2025-05-16T22:58:14,teeth,saúde,no_dentista,i_brush_my_teeth,True,7,2,word_shuffle_game,5b9f22d857aca362
675febc627892dbe,2025-05-16T22:59:03,didn't,avião,bagagem,i_didn't_receive_the_bag_tag_when_i_checked_in,True,1,2,word_shuffle_game,a273a5262a19994
675febc627892dbe,2025-05-16T22:59:35,receive,avião,bagagem,i_didn't_receive_the_bag_tag_when_i_checked_in,True,1,1,word_shuffle_game,a273a5262a19994
675febc627892dbe,2025-05-16T22:59:47,checked,avião,bagagem,i_didn't_receive_the_bag_tag_when_i_checked_in,True,2,1,word_shuffle_game,a273a5262a19994
675febc627892dbe,2025-05-16T23:00:40,fall,pessoas,amor_e_amizade,to_fall_in_love,True,4,1,word_shuffle_game,56e5285913d28ce3
675febc627892dbe,2025-05-16T23:01:05,tank,carro,aluguer_de_carro,the_tank_is_not_full,True,1,1,word_shuffle_game,47a0b2262c1d90fe
675febc627892dbe,2025-05-16T23:01:06,full,carro,aluguer_de_carro,the_tank_is_not_full,True,1,1,word_shuffle_game,47a0b2262c1d90fe
675febc627892dbe,2025-05-16T23:01:55,borrow,educação,na_escola,do_you_have_a_pen_i_could_borrow,True,2,2,word_shuffle_game,44c3f82115361a3d
675febc627892dbe,2025-05-16T23:02:07,cover,verbos,ações_2,to_cover,True,0,1,word_shuffle_game,7b1eb273cddabbc
675febc627892dbe,2025-05-16T23:03:02,since,advérbios,de_tempo_e_frequência,since,True,6,3,word_shuffle_game,6961f11ca2f665b4
675febc627892dbe,2025-05-16T23:03:42,bed,cidades,hotel,bed_and_breakfast,True,0,1,word_shuffle_game,31f76e7d87ca750f
675febc627892dbe,2025-05-16T23:03:47,breakfast,cidades,hotel,bed_and_breakfast,True,1,1,word_shuffle_game,31f76e7d87ca750f
675febc627892dbe,2025-05-16T23:04:36,wake,corpo,ações,to_wake_up,True,4,2,word_shuffle_game,f98d30c6b28776b
675febc627892dbe,2025-05-16T23:05:07,leisure,tempo_de_lazer,passatempos,leisure_time,True,1,1,word_shuffle_game,3e9d548c77432e75
675febc627892dbe,2025-05-16T23:06:16,fill,avião,controlo_de_passaporte_e_alfândega,you_have_to_fill_out_this_immigration_form,True,13,1,word_shuffle_game,20159b3228fd5416
675febc627892dbe,2025-05-16T23:06:17,out,avião,controlo_de_passaporte_e_alfândega,you_have_to_fill_out_this_immigration_form,True,13,1,word_shuffle_game,20159b3228fd5416
675febc627892dbe,2025-05-16T23:06:48,form,avião,controlo_de_passaporte_e_alfândega,you_have_to_fill_out_this_immigration_form,True,14,1,word_shuffle_game,20159b3228fd5416
675febc627892dbe,2025-05-16T23:08:20,immigration,avião,controlo_de_passaporte_e_alfândega,you_have_to_fill_out_this_immigration_form,False,16,3,word_shuffle_game,20159b3228fd5416
675febc627892dbe,2025-05-16T23:09:01,stuck,carro,conduzir_e_estacionar,i_was_stuck_in_traffic_for_an_hour,True,2,1,word_shuffle_game,7b387d65fe4692cc
675febc627892dbe,2025-05-16T23:09:08,traffic,carro,conduzir_e_estacionar,i_was_stuck_in_traffic_for_an_hour,True,2,1,word_shuffle_game,7b387d65fe4692cc
675febc627892dbe,2025-05-16T23:09:20,an,carro,conduzir_e_estacionar,i_was_stuck_in_traffic_for_an_hour,True,2,1,word_shuffle_game,7b387d65fe4692cc
675febc627892dbe,2025-05-16T23:09:21,hour,carro,conduzir_e_estacionar,i_was_stuck_in_traffic_for_an_hour,True,2,1,word_shuffle_game,7b387d65fe4692cc
675febc627892dbe,2025-05-16T23:10:13,make,avião,reservar_um_voo,can_i_make_a_connection_on_the_same_day,True,2,1,word_shuffle_game,db0e974cd544a5a
675febc627892dbe,2025-05-16T23:10:15,connection,avião,reservar_um_voo,can_i_make_a_connection_on_the_same_day,True,2,1,word_shuffle_game,db0e974cd544a5a
675febc627892dbe,2025-05-16T23:10:16,on,avião,reservar_um_voo,can_i_make_a_connection_on_the_same_day,True,2,1,word_shuffle_game,db0e974cd544a5a
675febc627892dbe,2025-05-16T23:10:29,private,transportes,transportes_aéreos,private_jet,True,0,1,word_shuffle_game,6d06bbf4b4fd35d4
675febc627892dbe,2025-05-16T23:10:31,jet,transportes,transportes_aéreos,private_jet,True,0,1,word_shuffle_game,6d06bbf4b4fd35d4
675febc627892dbe,2025-05-16T23:10:55,been,conversa_geral,pedir_por_e_fornecer_informação,"i've_never_been,_but_i'd_love_to_go_someday",True,2,1,word_shuffle_game,7b87dce8450d651e
675febc627892dbe,2025-05-16T23:11:10,someday,conversa_geral,pedir_por_e_fornecer_informação,"i've_never_been,_but_i'd_love_to_go_someday",True,2,1,word_shuffle_game,7b87dce8450d651e
675febc627892dbe,2025-05-16T23:11:49,broken,serviços,reparações,the_stove_is_broken,True,1,3,word_shuffle_game,2964da71b0b0400f
675febc627892dbe,2025-05-16T23:12:03,did,avião,bagagem,did_you_pack_your_bags_yourself,True,1,1,word_shuffle_game,47bf28f8c0e2ddef
675febc627892dbe,2025-05-16T23:13:04,yourself,avião,bagagem,did_you_pack_your_bags_yourself,True,7,1,word_shuffle_game,47bf28f8c0e2ddef
675febc627892dbe,2025-05-16T23:13:48,am,avião,controlo_de_passaporte_e_alfândega,m_staying_at_th_four_seasons_hotel,True,1,1,word_shuffle_game,6dc07abe87588
675febc627892dbe,2025-05-16T23:13:49,staying,avião,controlo_de_passaporte_e_alfândega,m_staying_at_th_four_seasons_hotel,True,1,1,word_shuffle_game,6dc07abe87588
675febc627892dbe,2025-05-16T23:14:17,at,avião,controlo_de_passaporte_e_alfândega,m_staying_at_th_four_seasons_hotel,True,3,1,word_shuffle_game,6dc07abe87588
675febc627892dbe,2025-05-16T23:14:18,four,avião,controlo_de_passaporte_e_alfândega,m_staying_at_th_four_seasons_hotel,True,3,1,word_shuffle_game,6dc07abe87588
675febc627892dbe,2025-05-16T23:14:30,hotel,avião,controlo_de_passaporte_e_alfândega,m_staying_at_th_four_seasons_hotel,True,3,1,word_shuffle_game,6dc07abe87588
675febc627892dbe,2025-05-16T23:14:43,seasons,avião,controlo_de_passaporte_e_alfândega,m_staying_at_th_four_seasons_hotel,True,5,3,word_shuffle_game,6dc07abe87588
675febc627892dbe,2025-05-16T23:16:06,electronic,avião,no_avião,please_turn_off_all_electronic_devices,True,3,2,word_shuffle_game,112b4a2cd52cea18
675febc627892dbe,2025-05-16T23:16:08,devices,avião,no_avião,please_turn_off_all_electronic_devices,True,3,1,word_shuffle_game,112b4a2cd52cea18
675febc627892dbe,2025-05-16T23:16:11,off,avião,no_avião,please_turn_off_all_electronic_devices,True,3,2,word_shuffle_game,112b4a2cd52cea18
675febc627892dbe,2025-05-16T23:16:26,impossible,adjetivos,pares_1,impossible,True,0,1,word_shuffle_game,65f5fe98a046c238
50ef40a98f391818,2025-05-17T07:24:38,wrist,corpo,membros_do_corpo,wrist,True,1,1,word_shuffle_game,26b8f8aac8e493a1
50ef40a98f391818,2025-05-17T07:24:51,bread,comida_e_bebidas,pães,white_bread,True,1,1,word_shuffle_game,3abfbefb36c25b07
50ef40a98f391818,2025-05-17T07:25:04,nose,corpo,cabeça_e_rosto,nose,True,1,1,word_shuffle_game,32e23bf703efc4f8
50ef40a98f391818,2025-05-17T07:25:26,insurance,carro,aluguer_de_carro,do_you_want_insurance,True,1,1,word_shuffle_game,3db36a92e88ef32
50ef40a98f391818,2025-05-17T07:27:07,ready,adjetivos,descrições_2,ready,True,1,1,word_shuffle_game,1f425bc95b3c8343
50ef40a98f391818,2025-05-17T07:28:27,served,hotel,fazer_o_check_in,at_what_times_are_meals_served,True,6,1,word_shuffle_game,1235c0c399e4db63
50ef40a98f391818,2025-05-17T07:28:29,times,hotel,fazer_o_check_in,at_what_times_are_meals_served,True,6,1,word_shuffle_game,1235c0c399e4db63
50ef40a98f391818,2025-05-17T07:30:01,meals,hotel,fazer_o_check_in,at_what_times_are_meals_served,False,8,4,word_shuffle_game,1235c0c399e4db63
50ef40a98f391818,2025-05-17T07:30:54,borrow,conversa_geral,ajuda_e_conselhos,could_i_borrow_your_pen,True,4,1,word_shuffle_game,62e6e6d2b96bfedd
50ef40a98f391818,2025-05-17T07:31:19,stand,corpo,ações,to_stand_up,True,1,1,word_shuffle_game,7239f3ab4530e8af
50ef40a98f391818,2025-05-17T07:31:28,nut,comida_e_bebidas,grãos_nozes_e_sementes,nut,True,1,1,word_shuffle_game,599cdb6bb33af2f0
50ef40a98f391818,2025-05-17T07:31:58,comfortable,compras,sapatos,do_they_feel_comfortable,True,1,1,word_shuffle_game,5d10c18487fa929c
50ef40a98f391818,2025-05-17T07:32:08,fake,serviços,no_banco,this_is_a_fake_bill,True,1,1,word_shuffle_game,c4ea1c522da0e66
50ef40a98f391818,2025-05-17T07:32:33,happen,emergências,na_esquadra_da_polícia,t_what_time_did_happen,True,3,1,word_shuffle_game,2b6218be22701111
50ef40a98f391818,2025-05-17T07:32:58,browsing,compras,roupas,"i'm_just_browsing,_thanks",True,1,1,word_shuffle_game,35f7220f1ea4d930
50ef40a98f391818,2025-05-17T07:34:49,access,avião,bagagem,has_anyone_had_access_to_your_bags_in_the_meantime,True,4,1,word_shuffle_game,5055a88b066c60a9
50ef40a98f391818,2025-05-17T07:36:05,anyone,avião,bagagem,has_anyone_had_access_to_your_bags_in_the_meantime,True,12,1,word_shuffle_game,5055a88b066c60a9
50ef40a98f391818,2025-05-17T07:36:59,meantime,avião,bagagem,has_anyone_had_access_to_your_bags_in_the_meantime,False,13,1,word_shuffle_game,5055a88b066c60a9
50ef40a98f391818,2025-05-17T07:37:27,shopping,avião,reservar_um_voo,can_we_do_some_shopping_in_the_airport,True,0,1,word_shuffle_game,55ef642448288e3b
50ef40a98f391818,2025-05-17T07:37:35,airport,avião,reservar_um_voo,can_we_do_some_shopping_in_the_airport,True,0,1,word_shuffle_game,55ef642448288e3b
50ef40a98f391818,2025-05-17T07:37:56,access,avião,bagagem,has_anyone_had_access_to_your_bags_in_the_meantime,True,0,1,word_shuffle_game,464141ee6f6d282a
50ef40a98f391818,2025-05-17T07:38:06,meantime,avião,bagagem,has_anyone_had_access_to_your_bags_in_the_meantime,True,0,1,word_shuffle_game,464141ee6f6d282a
50ef40a98f391818,2025-05-17T07:38:09,anyone,avião,bagagem,has_anyone_had_access_to_your_bags_in_the_meantime,True,1,1,word_shuffle_game,464141ee6f6d282a
50ef40a98f391818,2025-05-17T07:38:19,birds,animais,grupos_de_animais,flock_of_birds,True,0,1,word_shuffle_game,20ee1713a47d8e49
50ef40a98f391818,2025-05-17T07:38:50,ready,avião,sinais_do_aeroporto,please_have_your_passport_ready,True,0,1,word_shuffle_game,3a46dc3de61fc770
50ef40a98f391818,2025-05-17T07:41:40,garbage,compras,produtos_para_o_lar,garbage_can,True,8,2,word_shuffle_game,727c6b3662c75a30
50ef40a98f391818,2025-05-17T07:41:49,like,outras_partes_do_discurso,preposições,like,True,0,1,word_shuffle_game,135b88f85b63aa68
50ef40a98f391818,2025-05-17T07:42:11,show,avião,controlo_de_passaporte_e_alfândega,how_to_fill_out_this_form,True,0,1,word_shuffle_game,563149ab5ca075b5
50ef40a98f391818,2025-05-17T07:42:36,myself,emergências,primeiros_socorros,i've_cut_myself,True,1,1,word_shuffle_game,a864c55fd609535
50ef40a98f391818,2025-05-17T07:42:55,breakfast,hotel,fazer_o_check_in,breakfast_is_served_from_8_am_till_10_am,True,0,1,word_shuffle_game,770f939935a921ae
50ef40a98f391818,2025-05-17T07:43:15,served,hotel,fazer_o_check_in,breakfast_is_served_from_8_am_till_10_am,True,1,1,word_shuffle_game,770f939935a921ae
50ef40a98f391818,2025-05-17T07:43:43,8,hotel,fazer_o_check_in,breakfast_is_served_from_8_am_till_10_am,True,3,1,word_shuffle_game,770f939935a921ae
50ef40a98f391818,2025-05-17T07:43:44,till,hotel,fazer_o_check_in,breakfast_is_served_from_8_am_till_10_am,True,3,1,word_shuffle_game,770f939935a921ae
50ef40a98f391818,2025-05-17T07:43:45,10,hotel,fazer_o_check_in,breakfast_is_served_from_8_am_till_10_am,True,3,1,word_shuffle_game,770f939935a921ae
50ef40a98f391818,2025-05-17T07:43:56,nut,compras,loja_de_ferragens,nut,True,3,1,word_shuffle_game,1d461a4ebc3b507
50ef40a98f391818,2025-05-17T07:44:14,teeth,saúde,no_dentista,"i'd_like_a_teeth_cleaning,_please",True,1,1,word_shuffle_game,79f3919b92c10267
50ef40a98f391818,2025-05-17T07:44:16,like,saúde,no_dentista,"i'd_like_a_teeth_cleaning,_please",True,1,1,word_shuffle_game,79f3919b92c10267
50ef40a98f391818,2025-05-17T07:46:00,cleaning,saúde,no_dentista,"i'd_like_a_teeth_cleaning,_please",True,2,1,word_shuffle_game,79f3919b92c10267
50ef40a98f391818,2025-05-17T07:46:35,isn't,compras,pagamento_&_devoluções,isn't_there_a_mistake_in_the_bill,True,2,1,word_shuffle_game,5e10e4996d703386
50ef40a98f391818,2025-05-17T07:46:42,mistake,compras,pagamento_&_devoluções,isn't_there_a_mistake_in_the_bill,True,2,1,word_shuffle_game,5e10e4996d703386
50ef40a98f391818,2025-05-17T07:48:12,leave,verbos,ações_2,to_leave,True,1,1,word_shuffle_game,7b70aaa12656f81f
50ef40a98f391818,2025-05-17T07:48:38,exam,educação,vida_de_estudante,this_is_the_last_exam_session_for_us,True,1,1,word_shuffle_game,2c682930445e043a
50ef40a98f391818,2025-05-17T07:48:40,session,educação,vida_de_estudante,this_is_the_last_exam_session_for_us,True,1,1,word_shuffle_game,2c682930445e043a
50ef40a98f391818,2025-05-17T07:49:10,canadian,avião,bagagem,can_i_pay_in_canadian_dollars,True,1,1,word_shuffle_game,12e9ae4cf7fc9faa
50ef40a98f391818,2025-05-17T07:49:12,pay,avião,bagagem,can_i_pay_in_canadian_dollars,True,1,1,word_shuffle_game,12e9ae4cf7fc9faa
50ef40a98f391818,2025-05-17T07:49:39,these,carro,conduzir_e_estacionar,do_you_know_these_road_signs,True,1,1,word_shuffle_game,68b623389135942b
50ef40a98f391818,2025-05-17T07:49:40,signs,carro,conduzir_e_estacionar,do_you_know_these_road_signs,True,1,1,word_shuffle_game,68b623389135942b
50ef40a98f391818,2025-05-17T07:52:16,forward,compras,pagamento_&_devoluções,will_you_forward_my_purchases_to_my_home_address,True,14,2,word_shuffle_game,5a1b6e5a7f35c5eb
50ef40a98f391818,2025-05-17T07:55:37,purchases,compras,pagamento_&_devoluções,will_you_forward_my_purchases_to_my_home_address,False,19,1,word_shuffle_game,5a1b6e5a7f35c5eb
50ef40a98f391818,2025-05-17T07:55:48,address,compras,pagamento_&_devoluções,will_you_forward_my_purchases_to_my_home_address,False,19,4,word_shuffle_game,5a1b6e5a7f35c5eb
50ef40a98f391818,2025-05-17T07:56:22,tomorrow,empregos,no_local_de_trabalho,john_is_going_on_vacation_tomorrow,True,1,1,word_shuffle_game,1f165c0f21b907ad
50ef40a98f391818,2025-05-17T07:56:23,john,empregos,no_local_de_trabalho,john_is_going_on_vacation_tomorrow,True,1,1,word_shuffle_game,1f165c0f21b907ad
3e67dfd041223684,2025-05-17T09:37:00,front,outras_partes_do_discurso,preposições,in_front_of,True,1,1,word_shuffle_game,792b3df4e708bb9
3e67dfd041223684,2025-05-17T09:37:51,buying,conversa_geral,ajuda_e_conselhos,"if_i_were_you,_i'd_think_twice_about_buying_it",True,2,1,word_shuffle_game,4b4b8f5d77f6f19e
3e67dfd041223684,2025-05-17T09:37:54,were,conversa_geral,ajuda_e_conselhos,"if_i_were_you,_i'd_think_twice_about_buying_it",True,2,1,word_shuffle_game,4b4b8f5d77f6f19e
3e67dfd041223684,2025-05-17T09:40:23,twice,conversa_geral,ajuda_e_conselhos,"if_i_were_you,_i'd_think_twice_about_buying_it",True,14,4,word_shuffle_game,4b4b8f5d77f6f19e
3e67dfd041223684,2025-05-17T09:41:19,veal,comida,carne_e_peixe,i'll_have_the_veal_cutlet_for_dinner,True,7,1,word_shuffle_game,65ede3e0b255ad0d
3e67dfd041223684,2025-05-17T09:41:29,cutlet,comida,carne_e_peixe,i'll_have_the_veal_cutlet_for_dinner,True,7,1,word_shuffle_game,65ede3e0b255ad0d
3e67dfd041223684,2025-05-17T09:41:45,flight,avião,controlo_de_passaporte_e_alfândega,flight_number_120_is_now_boarding,True,1,1,word_shuffle_game,edb085d50a1086e
3e67dfd041223684,2025-05-17T09:41:59,boarding,avião,controlo_de_passaporte_e_alfândega,flight_number_120_is_now_boarding,True,2,1,word_shuffle_game,edb085d50a1086e
3e67dfd041223684,2025-05-17T09:42:20,ocean,avião,no_avião,will_we_fly_over_the_ocean,True,1,1,word_shuffle_game,77fe544bd3b39c2b
3e67dfd041223684,2025-05-17T09:42:21,fly,avião,no_avião,will_we_fly_over_the_ocean,True,1,1,word_shuffle_game,77fe544bd3b39c2b
3e67dfd041223684,2025-05-17T09:42:41,pretty,advérbios,advérbios_de_grau,pretty,True,1,1,word_shuffle_game,34ad284f1f6e3a5d
3e67dfd041223684,2025-05-17T09:43:29,else,compras,pagamento_&_devoluções,then_i_will_go_someplace_else,False,2,3,word_shuffle_game,427e546396af8e66
3e67dfd041223684,2025-05-17T09:44:17,give,avião,bagagem,did_anyone_give_you_anything_to_carry,True,3,1,word_shuffle_game,6dea154c2a7be795
3e67dfd041223684,2025-05-17T09:44:30,anything,avião,bagagem,did_anyone_give_you_anything_to_carry,True,5,1,word_shuffle_game,6dea154c2a7be795
3e67dfd041223684,2025-05-17T09:45:02,carry,avião,bagagem,did_anyone_give_you_anything_to_carry,True,7,1,word_shuffle_game,6dea154c2a7be795
3e67dfd041223684,2025-05-17T09:45:15,lady,fazer_amigos,apresentações,who_is_this_young_lady,True,1,1,word_shuffle_game,3718884fcb957759
3e67dfd041223684,2025-05-17T09:45:25,ghost,cultura,sobrenatural,ghost,True,1,1,word_shuffle_game,6db35b36dca471e2
3e67dfd041223684,2025-05-17T09:46:01,use,fazer_amigos,descrever_pessoas,i_use_my_nose_to_smell,True,1,1,word_shuffle_game,6c16134fa0b34255
3e67dfd041223684,2025-05-17T09:46:02,nose,fazer_amigos,descrever_pessoas,i_use_my_nose_to_smell,True,1,1,word_shuffle_game,6c16134fa0b34255
3e67dfd041223684,2025-05-17T09:46:03,smell,fazer_amigos,descrever_pessoas,i_use_my_nose_to_smell,True,1,1,word_shuffle_game,6c16134fa0b34255
3e67dfd041223684,2025-05-17T09:46:23,lost,avião,bagagem,ay_baggage_ha_been_lost,True,2,1,word_shuffle_game,1ad7a66a51bc9346
3e67dfd041223684,2025-05-17T09:46:34,been,avião,bagagem,ay_baggage_ha_been_lost,True,2,2,word_shuffle_game,1ad7a66a51bc9346
3e67dfd041223684,2025-05-17T09:46:58,milky,educação,astronomia,milky_way,True,4,1,word_shuffle_game,36feb82f6285123d
3e67dfd041223684,2025-05-17T09:47:33,sell,compras,na_livraria_e_florista,"sorry,_we_don't_sell_them",True,1,1,word_shuffle_game,1331da35991e45ad
3e67dfd041223684,2025-05-17T09:47:34,them,compras,na_livraria_e_florista,"sorry,_we_don't_sell_them",True,1,1,word_shuffle_game,1331da35991e45ad
3e67dfd041223684,2025-05-17T09:47:58,traveled,avião,controlo_de_passaporte_e_alfândega,where_have_you_traveled_from,True,2,1,word_shuffle_game,561377e54d83467b
3e67dfd041223684,2025-05-17T09:48:12,disease,saude,problemas_de_saude,disease,True,1,1,word_shuffle_game,4f77141bb40e32ec
3e67dfd041223684,2025-05-17T09:48:27,traffic,carro,conduzir_e_estacionar,the_traffic_was_terrible_today,True,0,1,word_shuffle_game,2eaf964b097c6941
3e67dfd041223684,2025-05-17T09:48:40,terrible,carro,conduzir_e_estacionar,the_traffic_was_terrible_today,True,1,1,word_shuffle_game,2eaf964b097c6941
3e67dfd041223684,2025-05-17T09:48:53,lot,saúde,doenças,i'm_in_a_lot_of_pain,True,1,1,word_shuffle_game,1b4e23205d9be494
3e67dfd041223684,2025-05-17T09:49:14,sleeve,saúde,no_médico,could_you_roll_up_your_sleeve,True,2,1,word_shuffle_game,15fbafd8fecf0dd0
3e67dfd041223684,2025-05-17T09:49:31,signs,carro,conduzir_e_estacionar,do_you_know_these_road_signs,True,1,1,word_shuffle_game,4b6dfc2f2d09f29e
3e67dfd041223684,2025-05-17T09:49:52,thought,conversa_geral,opiniões,i_thought_he_said_something_else,True,2,1,word_shuffle_game,2ba7197120b46662
3e67dfd041223684,2025-05-17T09:50:05,said,conversa_geral,opiniões,i_thought_he_said_something_else,True,5,1,word_shuffle_game,2ba7197120b46662
3e67dfd041223684,2025-05-17T09:50:27,something,conversa_geral,opiniões,i_thought_he_said_something_else,True,6,1,word_shuffle_game,2ba7197120b46662
3e67dfd041223684,2025-05-17T09:50:29,else,conversa_geral,opiniões,i_thought_he_said_something_else,True,6,1,word_shuffle_game,2ba7197120b46662
3e67dfd041223684,2025-05-17T09:50:40,bust,cultura,artes_plásticas,bust,True,0,1,word_shuffle_game,54be2af5e1a644e5
47b6050fe86e46bc,2025-05-17T10:24:58,wake,corpo,ações,to_wake_up,True,1,1,word_shuffle_game,6e9c89578663909d
47b6050fe86e46bc,2025-05-17T10:25:57,garbage,compras,produtos_para_o_lar,garbage_can,True,1,2,word_shuffle_game,1255aa0abdedeb37
47b6050fe86e46bc,2025-05-17T10:26:06,nose,corpo,cabeça_e_rosto,nose,True,0,1,word_shuffle_game,307a5475d1cbc72f
47b6050fe86e46bc,2025-05-17T10:26:43,aren't,hotel,reclamações,there_must_be_a_mistake_these_aren't_mine,True,4,1,word_shuffle_game,585f2e4c9b8b0d49
47b6050fe86e46bc,2025-05-17T10:27:04,paprika,comida,alimentos_básicos_e_especiarias,they_don't_like_paprika_sauce,True,1,1,word_shuffle_game,6675cf60cfc1c380
47b6050fe86e46bc,2025-05-17T10:27:16,teeth,saúde,no_dentista,"i'd_like_a_teeth_cleaning,_please",True,0,1,word_shuffle_game,381bc4a7788ac10f
47b6050fe86e46bc,2025-05-17T10:28:12,pulled,saúde,doenças,i_think_i've_pulled_a_muscle_in_my_leg,True,5,2,word_shuffle_game,65128a587cd23acc
3cb1af63e9260f3c,2025-05-17T14:42:01,icy,carro,conduzir_e_estacionar,the_roads_are_icy_today,True,0,1,word_shuffle_game,258fda5ed12f8466
3cb1af63e9260f3c,2025-05-17T14:42:02,roads,carro,conduzir_e_estacionar,the_roads_are_icy_today,True,0,1,word_shuffle_game,258fda5ed12f8466
f916ee37fa72b17,2025-05-17T14:43:22,follow,viagem,dar_indicações,follow_the_signs_for_downtown,True,0,1,word_shuffle_game,acd9a0a7abdce24
f916ee37fa72b17,2025-05-17T14:43:34,signs,viagem,dar_indicações,follow_the_signs_for_downtown,True,1,1,word_shuffle_game,acd9a0a7abdce24
f916ee37fa72b17,2025-05-17T14:43:47,downtown,viagem,dar_indicações,follow_the_signs_for_downtown,True,1,1,word_shuffle_game,acd9a0a7abdce24
f916ee37fa72b17,2025-05-17T14:44:13,aren't,hotel,reclamações,there_must_be_a_mistake_these_aren't_mine,True,2,1,word_shuffle_game,7e1db26fa1eb6f5e
f916ee37fa72b17,2025-05-17T14:44:34,pulled,saúde,doenças,i_think_i've_pulled_a_muscle_in_my_leg,True,2,1,word_shuffle_game,6364a5871ef6ea0a
f916ee37fa72b17,2025-05-17T14:46:27,electronic,avião,no_avião,please_turn_off_all_electronic_devices,False,0,4,word_shuffle_game,8b03394d5f0ea00
f916ee37fa72b17,2025-05-17T14:47:21,were,conversa_geral,ajuda_e_conselhos,"if_i_were_you,_i'd_think_twice_about_buying_it",True,1,1,word_shuffle_game,965ac685a3ff92a
f916ee37fa72b17,2025-05-17T14:48:16,twice,conversa_geral,ajuda_e_conselhos,"if_i_were_you,_i'd_think_twice_about_buying_it",False,3,3,word_shuffle_game,965ac685a3ff92a
83369dac53fdbda,2025-05-17T14:50:52,broken,serviços,reparações,the_stove_is_broken,True,2,1,word_shuffle_game,203c09394af6089c
83369dac53fdbda,2025-05-17T14:51:13,them,compras,na_livraria_e_florista,"sorry,_we_don't_sell_them",True,3,1,word_shuffle_game,106366826551e49c
83369dac53fdbda,2025-05-17T14:51:41,them,outras_partes_do_discurso,pronomes,them,True,1,1,word_shuffle_game,5289c2d313ec29a
83369dac53fdbda,2025-05-17T14:51:59,cart,avião,bagagem,where_can_i_get_a_cart,True,3,1,word_shuffle_game,621328fb1e21778e
83369dac53fdbda,2025-05-17T14:52:23,finished,comida,carne_e_peixe,"i'm_sorry,_but_the_shrimp_soup_is_finished",True,2,1,word_shuffle_game,3d4155ee16c75fe5
83369dac53fdbda,2025-05-17T14:53:29,shrimp,comida,carne_e_peixe,"i'm_sorry,_but_the_shrimp_soup_is_finished",False,4,2,word_shuffle_game,3d4155ee16c75fe5
83369dac53fdbda,2025-05-17T14:54:00,didn't,avião,bagagem,i_didn't_receive_the_bag_tag_when_i_checked_in,True,1,1,word_shuffle_game,27cd5b9834ae3c98
83369dac53fdbda,2025-05-17T14:54:34,doesn't,comida,alimentos_básicos_e_especiarias,she_doesn't_like_arugula,True,0,1,word_shuffle_game,1e35d86819c768fa
83369dac53fdbda,2025-05-17T14:55:11,arugula,comida,alimentos_básicos_e_especiarias,she_doesn't_like_arugula,False,4,1,word_shuffle_game,1e35d86819c768fa
83369dac53fdbda,2025-05-17T14:55:28,around,outras_partes_do_discurso,preposições,around,True,1,1,word_shuffle_game,31a336b3b58c5492
83369dac53fdbda,2025-05-17T14:56:07,wrap,hotel,alugar_um_apartamento,i_need_a_roll_of_plastic_wrap,False,3,4,word_shuffle_game,4cbaa5569ab43040
83369dac53fdbda,2025-05-17T14:57:05,meals,hotel,fazer_o_check_in,at_what_times_are_meals_served,True,3,2,word_shuffle_game,79b4554b62317ece
83369dac53fdbda,2025-05-17T14:57:36,three,fazer_amigos,família_e_relacionamentos,"yes,_i_have_three_kids",True,0,1,word_shuffle_game,186e7f8c5de5f04a
83369dac53fdbda,2025-05-17T14:57:58,honor,descrição_de_pessoas,valores_e_vícios,honor,True,1,1,word_shuffle_game,10c6bc3c886f7b06
83369dac53fdbda,2025-05-17T14:58:08,been,conversa_geral,pedir_por_e_fornecer_informação,"i've_never_been,_but_i'd_love_to_go_someday",True,1,1,word_shuffle_game,16116f8fa6909a83
83369dac53fdbda,2025-05-17T14:58:23,paprika,comida,alimentos_básicos_e_especiarias,they_don't_like_paprika_sauce,True,0,1,word_shuffle_game,17c5dcfe5e4fb591
83369dac53fdbda,2025-05-17T14:58:42,meantime,avião,bagagem,has_anyone_had_access_to_your_bags_in_the_meantime,True,1,1,word_shuffle_game,d368f981d6ee875
83369dac53fdbda,2025-05-17T14:58:49,rich,adjetivos,sobre_as_pessoas,rich,True,0,1,word_shuffle_game,322916d627103447
83369dac53fdbda,2025-05-17T14:59:07,beautiful,encontros,elogios,you_have_beautiful_eyes,True,1,1,word_shuffle_game,6af6bbf68b83c20e
83369dac53fdbda,2025-05-17T14:59:22,follow,viagem,dar_indicações,follow_the_signs_for_downtown,True,0,1,word_shuffle_game,578426c278b3b23a
83369dac53fdbda,2025-05-17T14:59:36,downtown,viagem,dar_indicações,follow_the_signs_for_downtown,True,0,1,word_shuffle_game,578426c278b3b23a
83369dac53fdbda,2025-05-17T15:46:01,medical,saúde,no_médico,do_you_have_private_medical_insurance,True,4,1,word_shuffle_game,67cb3bccc106ec96
83369dac53fdbda,2025-05-17T15:46:02,insurance,saúde,no_médico,do_you_have_private_medical_insurance,True,4,1,word_shuffle_game,67cb3bccc106ec96
83369dac53fdbda,2025-05-17T15:46:15,insurance,carro,aluguer_de_carro,do_you_want_insurance,True,1,1,word_shuffle_game,90b9d80111de434
83369dac53fdbda,2025-05-17T15:46:38,leisure,tempo_de_lazer,passatempos,leisure_time,True,1,1,word_shuffle_game,5a775bf00057deea
83369dac53fdbda,2025-05-17T15:46:46,middle,nomes,substantivos_concretos_1,middle,True,1,1,word_shuffle_game,42a2981ec39a3c59
83369dac53fdbda,2025-05-17T15:47:22,produced,tempo_de_lazer,no_cinema,ho_produced_tl_movie,True,2,1,word_shuffle_game,2122c2ee802d8f87
83369dac53fdbda,2025-05-17T15:47:23,movie,tempo_de_lazer,no_cinema,ho_produced_tl_movie,True,2,1,word_shuffle_game,2122c2ee802d8f87
83369dac53fdbda,2025-05-17T15:47:58,broken,avião,bagagem,my_baggage_is_broken_and_some_things_are_missing,True,7,1,word_shuffle_game,7fc3ec6b090da480
83369dac53fdbda,2025-05-17T15:48:18,shopping,avião,reservar_um_voo,can_we_do_some_shopping_in_the_airport,True,1,1,word_shuffle_game,6c7f6eb6ce531f79
83369dac53fdbda,2025-05-17T15:48:33,brush,saúde,no_dentista,i_brush_my_teeth,True,1,1,word_shuffle_game,2d6d5bec55127d9
83369dac53fdbda,2025-05-17T15:48:45,john,empregos,no_local_de_trabalho,john_is_going_on_vacation_tomorrow,True,1,1,word_shuffle_game,4ccd454375c094c9
83369dac53fdbda,2025-05-17T15:48:52,middle,adjetivos,descrições_1,middle,True,0,1,word_shuffle_game,5f6fdd14d18236d0
83369dac53fdbda,2025-05-17T15:49:07,insurance,carro,aluguer_de_carro,i_do_not_need_insurance,True,1,1,word_shuffle_game,6a8af30353e8b41c
83369dac53fdbda,2025-05-17T15:49:32,metallic,avião,fazer_o_check_in,please_put_any_metallic_objects_into_the_tray,True,0,1,word_shuffle_game,48f33c1af6321dd7
83369dac53fdbda,2025-05-17T15:50:46,disease,saúde,doenças,i_never_had_this_disease_before,True,4,1,word_shuffle_game,1eb97a09506ab7e3
83369dac53fdbda,2025-05-17T15:50:59,send,avião,bagagem,"end_my_baggas_to_the_hotel,_please",True,0,1,word_shuffle_game,5820b815969eb499
83369dac53fdbda,2025-05-17T15:51:14,departments,educação,na_universidade,what_departments_has_this_university_got,True,0,1,word_shuffle_game,69f73c71e914bbc0
83369dac53fdbda,2025-05-17T15:51:51,university,educação,na_universidade,what_departments_has_this_university_got,True,0,2,word_shuffle_game,69f73c71e914bbc0
83369dac53fdbda,2025-05-17T15:52:18,electronic,avião,no_avião,please_turn_off_all_electronic_devices,True,0,1,word_shuffle_game,61dfa42a35585348
83369dac53fdbda,2025-05-17T15:53:33,suitcases,avião,bagagem,these_are_my_suitcases,True,1,2,word_shuffle_game,2f15bc8b3217488d
83369dac53fdbda,2025-05-17T15:53:54,wake,corpo,ações,to_wake_up,True,0,2,word_shuffle_game,3739c485b1ff5473
83369dac53fdbda,2025-05-17T15:54:18,apologize,avião,fazer_o_check_in,we_apologize_for_the_delay,True,0,1,word_shuffle_game,5df88d501fd00eb4
83369dac53fdbda,2025-05-17T15:54:31,nut,compras,loja_de_ferragens,nut,True,1,1,word_shuffle_game,72d101273e31c054
83369dac53fdbda,2025-05-17T15:54:50,borrow,educação,na_escola,do_you_have_a_pen_i_could_borrow,True,1,1,word_shuffle_game,6fba068468bde57d
83369dac53fdbda,2025-05-17T15:55:14,borrow,conversa_geral,ajuda_e_conselhos,could_i_borrow_your_pen,True,0,1,word_shuffle_game,40890d62a6c6091a
83369dac53fdbda,2025-05-17T15:56:12,seasons,avião,controlo_de_passaporte_e_alfândega,m_staying_at_th_four_seasons_hotel,True,2,1,word_shuffle_game,795084f2105671c1
83369dac53fdbda,2025-05-17T15:56:29,meantime,avião,bagagem,has_anyone_had_access_to_your_bags_in_the_meantime,True,2,1,word_shuffle_game,55c483d7c35724
83369dac53fdbda,2025-05-17T15:56:50,moscow,outro_transporte,no_terminal_de_camionetas,s_this_the_bus_t_moscow,True,1,1,word_shuffle_game,7d179f402b012d18
83369dac53fdbda,2025-05-17T15:57:03,moscow,outro_transporte,no_terminal_de_camionetas,s_this_the_bus_t_moscow,True,0,1,word_shuffle_game,498330b625e5a481
83369dac53fdbda,2025-05-17T15:57:19,wrist,corpo,membros_do_corpo,wrist,True,0,1,word_shuffle_game,533270ab59fa08d8
83369dac53fdbda,2025-05-17T15:57:37,flight,avião,controlo_de_passaporte_e_alfândega,flight_number_120_is_now_boarding,True,1,1,word_shuffle_game,75cf805f9bdd079c
83369dac53fdbda,2025-05-17T15:57:46,boarding,avião,controlo_de_passaporte_e_alfândega,flight_number_120_is_now_boarding,True,1,1,word_shuffle_game,75cf805f9bdd079c
83369dac53fdbda,2025-05-17T15:57:56,terrible,carro,conduzir_e_estacionar,the_traffic_was_terrible_today,True,0,1,word_shuffle_game,540f9d75d9bb5eb8
83369dac53fdbda,2025-05-17T15:58:15,rental,tempo_de_lazer,viagens,car_rental,True,1,1,word_shuffle_game,6ace8e72a5e55770
83369dac53fdbda,2025-05-17T15:58:27,send,avião,bagagem,"end_my_baggas_to_the_hotel,_please",True,0,1,word_shuffle_game,1938afd3c636201
83369dac53fdbda,2025-05-17T15:58:45,lost,avião,bagagem,ay_baggage_ha_been_lost,True,1,1,word_shuffle_game,446ee5053ce53fa4
83369dac53fdbda,2025-05-17T15:58:52,been,avião,bagagem,ay_baggage_ha_been_lost,True,1,2,word_shuffle_game,446ee5053ce53fa4
83369dac53fdbda,2025-05-17T16:00:24,salespeople,compras,no_loja_de_departamentos,are_there_any_salespeople_who_speak_lithuanian,False,3,3,word_shuffle_game,20d5cfffcf3b859a
83369dac53fdbda,2025-05-17T16:00:43,speak,compras,no_loja_de_departamentos,are_there_any_salespeople_who_speak_lithuanian,True,3,1,word_shuffle_game,20d5cfffcf3b859a
83369dac53fdbda,2025-05-17T16:00:46,lithuanian,compras,no_loja_de_departamentos,are_there_any_salespeople_who_speak_lithuanian,False,3,0,word_shuffle_game,20d5cfffcf3b859a
83369dac53fdbda,2025-05-17T16:03:10,photography,fazer_amigos,coisas_que_gosta_e_não_gosta,ay_hobby_i_hotograpt,True,1,3,word_shuffle_game,778a94dccb315cec
83369dac53fdbda,2025-05-17T16:03:38,ghost,cultura,sobrenatural,ghost,True,0,1,word_shuffle_game,76c13707e402c338
83369dac53fdbda,2025-05-17T16:04:08,food,compras,no_supermercado,could_you_tell_me_where_the_frozen_food_section_is,True,2,1,word_shuffle_game,2e332a52af5fa050
83369dac53fdbda,2025-05-17T16:04:09,section,compras,no_supermercado,could_you_tell_me_where_the_frozen_food_section_is,True,2,1,word_shuffle_game,2e332a52af5fa050
83369dac53fdbda,2025-05-17T16:04:22,disease,saude,problemas_de_saude,disease,True,1,1,word_shuffle_game,497aae759eb74102
83369dac53fdbda,2025-05-17T16:04:34,else,compras,pagamento_&_devoluções,then_i_will_go_someplace_else,True,1,1,word_shuffle_game,1e63c5a8ded6730d
83369dac53fdbda,2025-05-17T16:05:05,garbage,compras,produtos_para_o_lar,garbage_can,True,1,3,word_shuffle_game,34553485b67de8c7
83369dac53fdbda,2025-05-17T16:05:17,piece,avião,bagagem,that's_too_large_for_a_piece_of_hand_baggage,True,1,1,word_shuffle_game,24b1c2ec555a0cc1
83369dac53fdbda,2025-05-17T16:05:38,food,compras,no_supermercado,could_you_tell_me_where_the_frozen_food_section_is,True,0,1,word_shuffle_game,26086b74151936a
83369dac53fdbda,2025-05-17T16:05:57,section,compras,no_supermercado,could_you_tell_me_where_the_frozen_food_section_is,True,1,2,word_shuffle_game,26086b74151936a
83369dac53fdbda,2025-05-17T16:06:19,better,educação,na_escola,s_better_than_tl_last_time,True,2,1,word_shuffle_game,50f30edb91fef26c
83369dac53fdbda,2025-05-17T16:07:44,immigration,avião,controlo_de_passaporte_e_alfândega,you_have_to_fill_out_this_immigration_form,False,2,1,word_shuffle_game,5d6a4c70c4549506
83369dac53fdbda,2025-05-17T16:08:56,mushrooms,restaurante_e_bar,pedir_comida,for_my_appetizer_i'll_have_the_stuffed_mushrooms,False,3,1,word_shuffle_game,63802cf866c227bf
83369dac53fdbda,2025-05-17T16:08:59,appetizer,restaurante_e_bar,pedir_comida,for_my_appetizer_i'll_have_the_stuffed_mushrooms,False,3,1,word_shuffle_game,63802cf866c227bf
83369dac53fdbda,2025-05-17T16:09:49,forget,frases_básicas,agradecimentos,i_will_never_forget_what_you_have_done_for_me,True,1,1,word_shuffle_game,6220d65ee433988c
83369dac53fdbda,2025-05-17T16:11:39,browsing,compras,roupas,"i'm_just_browsing,_thanks",True,2,5,word_shuffle_game,14a3d0ba2f42764
83369dac53fdbda,2025-05-17T16:12:11,twice,conversa_geral,ajuda_e_conselhos,"if_i_were_you,_i'd_think_twice_about_buying_it",True,0,1,word_shuffle_game,52fd62a33b3f741a
83369dac53fdbda,2025-05-17T16:12:29,finished,tempo_de_lazer,desporto,ho_finished_firs,True,1,1,word_shuffle_game,6c4549ff112f5312
83369dac53fdbda,2025-05-17T16:12:40,first,tempo_de_lazer,desporto,ho_finished_firs,True,1,1,word_shuffle_game,6c4549ff112f5312
83369dac53fdbda,2025-05-17T16:13:26,wheat,comida,alimentos_básicos_e_especiarias,i_can't_eat_wheat,False,1,3,word_shuffle_game,168e176424f3d673
83369dac53fdbda,2025-05-17T16:14:00,pulled,saúde,doenças,i_think_i've_pulled_a_muscle_in_my_leg,True,1,1,word_shuffle_game,4225f08508ee1eaa
83369dac53fdbda,2025-05-17T16:14:25,sign,educação,matematica,sion_i,True,1,2,word_shuffle_game,7fb524701ffd6305
83369dac53fdbda,2025-05-17T16:15:10,nut,comida_e_bebidas,grãos_nozes_e_sementes,nut,True,1,1,word_shuffle_game,5d7de083b3b36d03
83369dac53fdbda,2025-05-17T16:17:37,comfortable,compras,sapatos,do_they_feel_comfortable,False,7,2,word_shuffle_game,389ba6a978794671
83369dac53fdbda,2025-05-17T16:18:13,been,meios_de_comunicação,carta,it's_been_such_a_long_time_since_we_had_any_contact,True,1,1,word_shuffle_game,a718b90706c832e
83369dac53fdbda,2025-05-17T16:18:49,since,meios_de_comunicação,carta,it's_been_such_a_long_time_since_we_had_any_contact,True,5,1,word_shuffle_game,a718b90706c832e
83369dac53fdbda,2025-05-17T16:20:41,thick,comida,fruta,cut_the_melon_into_thick_slices,False,20,2,word_shuffle_game,5c910082ac5d7bf
83369dac53fdbda,2025-05-17T16:21:14,piece,avião,bagagem,that's_too_large_for_a_piece_of_hand_baggage,True,1,1,word_shuffle_game,782f967a6ef5a278
83369dac53fdbda,2025-05-17T16:21:31,stand,corpo,ações,to_stand_up,True,1,1,word_shuffle_game,5a88d0e6411ed73a
83369dac53fdbda,2025-05-17T16:22:13,table,tempo_de_lazer,tempo_com_a_família,my_whole_family_is_around_the_table,True,1,1,word_shuffle_game,309d13f0a9697cce
83369dac53fdbda,2025-05-17T16:22:14,around,tempo_de_lazer,tempo_com_a_família,my_whole_family_is_around_the_table,True,1,1,word_shuffle_game,309d13f0a9697cce
83369dac53fdbda,2025-05-17T16:22:16,family,tempo_de_lazer,tempo_com_a_família,my_whole_family_is_around_the_table,True,1,1,word_shuffle_game,309d13f0a9697cce
83369dac53fdbda,2025-05-17T16:23:05,whole,tempo_de_lazer,tempo_com_a_família,my_whole_family_is_around_the_table,False,2,1,word_shuffle_game,309d13f0a9697cce
83369dac53fdbda,2025-05-17T19:26:07,around,hotel,durante_a_sua_estadia,i'll_be_back_around_ten_o'clock,True,1,1,word_shuffle_game,406dee60836ff5e1
149ebc6155ecc34c,2025-05-17T19:31:43,cart,avião,bagagem,where_can_i_get_a_cart,True,0,1,word_shuffle_game,4becad70eed2338b
149ebc6155ecc34c,2025-05-17T19:32:33,didn't,avião,bagagem,i_didn't_receive_the_bag_tag_when_i_checked_in,True,1,1,word_shuffle_game,7afa9f05f58d356c
149ebc6155ecc34c,2025-05-17T19:34:34,section,compras,no_supermercado,could_you_tell_me_where_the_frozen_food_section_is,True,2,1,word_shuffle_game,718d06f6a82555b7
149ebc6155ecc34c,2025-05-17T19:34:44,pulled,saúde,doenças,i_think_i've_pulled_a_muscle_in_my_leg,True,1,1,word_shuffle_game,518ca0fd6632d025
149ebc6155ecc34c,2025-05-17T19:35:11,browsing,compras,roupas,"i'm_just_browsing,_thanks",True,1,1,word_shuffle_game,147f14ce7de8fce4
149ebc6155ecc34c,2025-05-17T19:35:23,beautiful,encontros,elogios,you_have_beautiful_eyes,True,0,1,word_shuffle_game,4f3bf0158a3525e3
149ebc6155ecc34c,2025-05-17T19:35:41,photography,fazer_amigos,coisas_que_gosta_e_não_gosta,ay_hobby_i_hotograpt,True,1,1,word_shuffle_game,55e9e2ff0da82ecd
2153ea13d05841c3,2025-05-17T19:36:24,seasons,avião,controlo_de_passaporte_e_alfândega,m_staying_at_th_four_seasons_hotel,True,1,1,word_shuffle_game,6aa706caee8984
2153ea13d05841c3,2025-05-17T19:36:44,follow,viagem,dar_indicações,follow_the_signs_for_downtown,True,1,1,word_shuffle_game,436ba803c306edd2
2153ea13d05841c3,2025-05-17T19:38:37,downtown,viagem,dar_indicações,follow_the_signs_for_downtown,False,1,3,word_shuffle_game,436ba803c306edd2
2153ea13d05841c3,2025-05-17T19:39:13,garbage,compras,produtos_para_o_lar,garbage_can,True,1,2,word_shuffle_game,7d6449503f52a6be
2153ea13d05841c3,2025-05-17T19:39:32,piece,avião,bagagem,that's_too_large_for_a_piece_of_hand_baggage,True,1,1,word_shuffle_game,f63b45d47aad923
2153ea13d05841c3,2025-05-17T19:39:46,wrist,corpo,membros_do_corpo,wrist,True,1,1,word_shuffle_game,392a7217a725a99b
2153ea13d05841c3,2025-05-17T19:40:13,electronic,avião,no_avião,please_turn_off_all_electronic_devices,True,0,2,word_shuffle_game,5c12d3b5628b90b9
2153ea13d05841c3,2025-05-17T19:40:23,since,advérbios,de_tempo_e_frequência,since,True,1,1,word_shuffle_game,12c598c1044434c
2153ea13d05841c3,2025-05-17T19:40:35,honor,descrição_de_pessoas,valores_e_vícios,honor,True,1,1,word_shuffle_game,3a38c7e4e3530414
2153ea13d05841c3,2025-05-17T19:40:49,been,conversa_geral,pedir_por_e_fornecer_informação,"i've_never_been,_but_i'd_love_to_go_someday",True,0,1,word_shuffle_game,4453d6456ada95da
2153ea13d05841c3,2025-05-17T19:41:05,icy,carro,conduzir_e_estacionar,the_roads_are_icy_today,True,0,1,word_shuffle_game,7a153bc6e5456d0f
2153ea13d05841c3,2025-05-17T19:41:17,piece,avião,bagagem,that's_too_large_for_a_piece_of_hand_baggage,True,0,1,word_shuffle_game,260633d751c3d924
2153ea13d05841c3,2025-05-17T19:41:33,immigration,avião,controlo_de_passaporte_e_alfândega,you_have_to_fill_out_this_immigration_form,True,1,1,word_shuffle_game,512fe239e1b4c627
2153ea13d05841c3,2025-05-17T19:42:27,photography,fazer_amigos,coisas_que_gosta_e_não_gosta,ay_hobby_i_hotograpt,True,0,1,word_shuffle_game,5df8d0d5201d0049
2153ea13d05841c3,2025-05-17T19:42:47,broken,serviços,reparações,the_stove_is_broken,True,0,1,word_shuffle_game,1bcf1eff0687d630
2153ea13d05841c3,2025-05-17T19:43:02,wheat,comida,alimentos_básicos_e_especiarias,i_can't_eat_wheat,True,0,1,word_shuffle_game,99d209aa787652f
2153ea13d05841c3,2025-05-17T19:43:23,metallic,avião,fazer_o_check_in,please_put_any_metallic_objects_into_the_tray,True,1,1,word_shuffle_game,538dc34ed496ec12
2153ea13d05841c3,2025-05-17T19:43:35,sign,educação,matematica,sion_i,True,0,1,word_shuffle_game,3bcda9a202e5c8c4
2153ea13d05841c3,2025-05-17T19:43:47,wrap,hotel,alugar_um_apartamento,i_need_a_roll_of_plastic_wrap,True,1,1,word_shuffle_game,4fffabef6495e087
2153ea13d05841c3,2025-05-17T19:45:16,else,compras,pagamento_&_devoluções,then_i_will_go_someplace_else,True,0,5,word_shuffle_game,4330c666f9de20dd
2153ea13d05841c3,2025-05-17T19:45:43,suitcases,avião,bagagem,these_are_my_suitcases,True,1,1,word_shuffle_game,73a872b02d2da362
2153ea13d05841c3,2025-05-17T19:46:01,finished,comida,carne_e_peixe,"i'm_sorry,_but_the_shrimp_soup_is_finished",True,1,1,word_shuffle_game,126bbd95c7ea7016
2153ea13d05841c3,2025-05-17T19:46:31,shrimp,comida,carne_e_peixe,"i'm_sorry,_but_the_shrimp_soup_is_finished",True,1,2,word_shuffle_game,126bbd95c7ea7016
2153ea13d05841c3,2025-05-17T19:46:40,else,conversa_geral,opiniões,i_thought_he_said_something_else,True,0,1,word_shuffle_game,26b3942ca8dd3af7
2153ea13d05841c3,2025-05-17T19:46:46,been,avião,bagagem,ay_baggage_ha_been_lost,True,0,1,word_shuffle_game,3fedffe6c5c57adf
2153ea13d05841c3,2025-05-17T19:46:59,three,fazer_amigos,família_e_relacionamentos,"yes,_i_have_three_kids",True,0,1,word_shuffle_game,6f30c16c21163c0
2153ea13d05841c3,2025-05-17T19:47:17,browsing,compras,roupas,"i'm_just_browsing,_thanks",True,1,1,word_shuffle_game,7b2ea01aeb2c5593
2153ea13d05841c3,2025-05-17T19:47:32,departments,educação,na_universidade,what_departments_has_this_university_got,True,0,1,word_shuffle_game,70c6d851b324351d
2153ea13d05841c3,2025-05-17T19:48:37,university,educação,na_universidade,what_departments_has_this_university_got,True,0,1,word_shuffle_game,70c6d851b324351d
2153ea13d05841c3,2025-05-17T19:50:02,salespeople,compras,no_loja_de_departamentos,are_there_any_salespeople_who_speak_lithuanian,True,0,2,word_shuffle_game,72b01d702a807420
2153ea13d05841c3,2025-05-17T19:50:17,speak,compras,no_loja_de_departamentos,are_there_any_salespeople_who_speak_lithuanian,True,0,1,word_shuffle_game,72b01d702a807420
2153ea13d05841c3,2025-05-17T19:50:34,lithuanian,compras,no_loja_de_departamentos,are_there_any_salespeople_who_speak_lithuanian,False,0,1,word_shuffle_game,72b01d702a807420
2153ea13d05841c3,2025-05-17T19:51:22,thick,comida,fruta,cut_the_melon_into_thick_slices,True,2,1,word_shuffle_game,376aa1764cf03b75
2153ea13d05841c3,2025-05-17T19:51:34,brush,saúde,no_dentista,i_brush_my_teeth,True,0,1,word_shuffle_game,11d0047f039dc18e
2153ea13d05841c3,2025-05-17T19:52:00,meals,hotel,fazer_o_check_in,at_what_times_are_meals_served,True,1,1,word_shuffle_game,46045071dc5a80d3
2153ea13d05841c3,2025-05-17T19:52:14,broken,avião,bagagem,my_baggage_is_broken_and_some_things_are_missing,True,0,1,word_shuffle_game,20fb6cbaa4fde999
2153ea13d05841c3,2025-05-17T19:52:21,been,meios_de_comunicação,carta,it's_been_such_a_long_time_since_we_had_any_contact,True,0,1,word_shuffle_game,1fd6186c24b6aa1
2153ea13d05841c3,2025-05-17T19:52:50,since,meios_de_comunicação,carta,it's_been_such_a_long_time_since_we_had_any_contact,True,2,1,word_shuffle_game,1fd6186c24b6aa1
2153ea13d05841c3,2025-05-17T19:53:10,doesn't,comida,alimentos_básicos_e_especiarias,she_doesn't_like_arugula,True,0,1,word_shuffle_game,4364cb71d63c4aeb
2153ea13d05841c3,2025-05-17T19:53:47,arugula,comida,alimentos_básicos_e_especiarias,she_doesn't_like_arugula,True,0,2,word_shuffle_game,4364cb71d63c4aeb
2153ea13d05841c3,2025-05-17T19:54:32,wake,corpo,ações,to_wake_up,True,0,1,word_shuffle_game,2af73059f485b0e0
686443c5b31100c3,2025-05-18T08:06:44,wrap,hotel,alugar_um_apartamento,i_need_a_roll_of_plastic_wrap,True,0,1,word_shuffle_game,7b5a009a5e1ad6c9
686443c5b31100c3,2025-05-18T08:06:58,wake,corpo,ações,to_wake_up,True,1,1,word_shuffle_game,2fda5c5b52559005
2a92c6294bc1c0ed,2025-05-18T08:10:05,photography,fazer_amigos,coisas_que_gosta_e_não_gosta,ay_hobby_i_hotograpt,True,2,1,word_shuffle_game,2d3b67182f3c313e
2a92c6294bc1c0ed,2025-05-18T08:10:24,arugula,comida,alimentos_básicos_e_especiarias,she_doesn't_like_arugula,True,1,1,word_shuffle_game,113a7583c0cb5d6b
2a92c6294bc1c0ed,2025-05-18T08:10:36,cart,avião,bagagem,where_can_i_get_a_cart,True,0,1,word_shuffle_game,5168fbd150f0007e
2a92c6294bc1c0ed,2025-05-18T08:10:54,salespeople,compras,no_loja_de_departamentos,are_there_any_salespeople_who_speak_lithuanian,True,0,1,word_shuffle_game,59afadbaf0025347
2a92c6294bc1c0ed,2025-05-18T08:11:13,lithuanian,compras,no_loja_de_departamentos,are_there_any_salespeople_who_speak_lithuanian,False,0,1,word_shuffle_game,59afadbaf0025347
2a92c6294bc1c0ed,2025-05-18T08:11:52,twice,conversa_geral,ajuda_e_conselhos,"if_i_were_you,_i'd_think_twice_about_buying_it",True,1,1,word_shuffle_game,7058ec1b9dc62547
2a92c6294bc1c0ed,2025-05-18T08:13:33,cutlet,comida,carne_e_peixe,i'll_have_the_veal_cutlet_for_dinner,True,8,2,word_shuffle_game,73e7b85c9e888d0a
2a92c6294bc1c0ed,2025-05-18T08:13:59,veal,comida,carne_e_peixe,i'll_have_the_veal_cutlet_for_dinner,True,9,3,word_shuffle_game,73e7b85c9e888d0a
2a92c6294bc1c0ed,2025-05-18T08:16:29,whole,tempo_de_lazer,tempo_com_a_família,my_whole_family_is_around_the_table,True,4,4,word_shuffle_game,6581a084fa3d5c00
2a92c6294bc1c0ed,2025-05-18T08:17:02,table,tempo_de_lazer,tempo_com_a_família,my_whole_family_is_around_the_table,True,5,1,word_shuffle_game,6581a084fa3d5c00
2a92c6294bc1c0ed,2025-05-18T08:17:08,icy,carro,conduzir_e_estacionar,the_roads_are_icy_today,True,0,1,word_shuffle_game,d0f2b48527ce877
2a92c6294bc1c0ed,2025-05-18T08:17:20,wrist,corpo,membros_do_corpo,wrist,True,2,1,word_shuffle_game,1679f255002853fd
2a92c6294bc1c0ed,2025-05-18T08:19:25,thick,comida,fruta,cut_the_melon_into_thick_slices,True,5,1,word_shuffle_game,2172d19e4734e32d
2a92c6294bc1c0ed,2025-05-18T08:21:15,wheat,comida,alimentos_básicos_e_especiarias,i_can't_eat_wheat,True,3,2,word_shuffle_game,72917082344e2ef9
2a92c6294bc1c0ed,2025-05-18T08:22:14,immigration,avião,controlo_de_passaporte_e_alfândega,you_have_to_fill_out_this_immigration_form,True,1,1,word_shuffle_game,4610832ead7d0b18
2a92c6294bc1c0ed,2025-05-18T08:22:25,comfortable,compras,sapatos,do_they_feel_comfortable,True,1,1,word_shuffle_game,260824b64fab9802
2a92c6294bc1c0ed,2025-05-18T08:22:55,apologize,avião,fazer_o_check_in,we_apologize_for_the_delay,True,1,1,word_shuffle_game,4d88c317c1222cba
2a92c6294bc1c0ed,2025-05-18T08:23:12,university,educação,na_universidade,what_departments_has_this_university_got,True,1,1,word_shuffle_game,15a7b4607a2649b3
2a92c6294bc1c0ed,2025-05-18T08:23:23,else,compras,pagamento_&_devoluções,then_i_will_go_someplace_else,True,1,1,word_shuffle_game,519de35c0459d7cc
2a92c6294bc1c0ed,2025-05-18T08:23:38,sign,educação,matematica,sion_i,True,1,1,word_shuffle_game,22ed74d55c28329a
2a92c6294bc1c0ed,2025-05-18T08:23:57,suitcases,avião,bagagem,these_are_my_suitcases,True,1,1,word_shuffle_game,2f1ce8ed38a73c9e
2a92c6294bc1c0ed,2025-05-18T08:24:13,meals,hotel,fazer_o_check_in,at_what_times_are_meals_served,True,1,1,word_shuffle_game,cdb2e7a38dfe625
2a92c6294bc1c0ed,2025-05-18T08:25:36,dreams,frases_básicas,melhores_votos,i_hope_all_your_dreams_come_true,True,2,1,word_shuffle_game,36d1326346eb2d6
2a92c6294bc1c0ed,2025-05-18T08:25:38,hope,frases_básicas,melhores_votos,i_hope_all_your_dreams_come_true,True,2,1,word_shuffle_game,36d1326346eb2d6
2a92c6294bc1c0ed,2025-05-18T08:25:46,true,frases_básicas,melhores_votos,i_hope_all_your_dreams_come_true,True,3,1,word_shuffle_game,36d1326346eb2d6
2a92c6294bc1c0ed,2025-05-18T08:25:59,else,conversa_geral,opiniões,i_thought_he_said_something_else,True,0,1,word_shuffle_game,1984e325aeba2eb8
2a92c6294bc1c0ed,2025-05-18T08:26:27,wrap,hotel,alugar_um_apartamento,i_need_a_roll_of_plastic_wrap,True,1,2,word_shuffle_game,367363fd88f99bee
2a92c6294bc1c0ed,2025-05-18T08:26:55,downtown,viagem,dar_indicações,follow_the_signs_for_downtown,True,1,1,word_shuffle_game,6bca68bd023b6eda
2a92c6294bc1c0ed,2025-05-18T08:26:57,follow,viagem,dar_indicações,follow_the_signs_for_downtown,True,1,1,word_shuffle_game,6bca68bd023b6eda
2a92c6294bc1c0ed,2025-05-18T08:27:11,shopping,avião,reservar_um_voo,can_we_do_some_shopping_in_the_airport,True,0,1,word_shuffle_game,58cd6d2b3c5fc698
24c62d546f07ae8,2025-05-18T08:33:11,meals,hotel,fazer_o_check_in,at_what_times_are_meals_served,True,1,1,word_shuffle_game,353f99d627f48f81
24c62d546f07ae8,2025-05-18T08:34:55,forward,compras,pagamento_&_devoluções,will_you_forward_my_purchases_to_my_home_address,True,3,1,word_shuffle_game,33423585c5accdc6
24c62d546f07ae8,2025-05-18T08:36:06,address,compras,pagamento_&_devoluções,will_you_forward_my_purchases_to_my_home_address,True,4,2,word_shuffle_game,33423585c5accdc6
24c62d546f07ae8,2025-05-18T08:36:13,purchases,compras,pagamento_&_devoluções,will_you_forward_my_purchases_to_my_home_address,False,4,2,word_shuffle_game,33423585c5accdc6
24c62d546f07ae8,2025-05-18T08:37:31,suitcases,avião,bagagem,these_are_my_suitcases,True,0,1,word_shuffle_game,eb12dc41341fdc6
24c62d546f07ae8,2025-05-18T08:38:20,immigration,avião,controlo_de_passaporte_e_alfândega,you_have_to_fill_out_this_immigration_form,True,1,1,word_shuffle_game,2d1ca98f751ca27c
24c62d546f07ae8,2025-05-18T08:38:29,cart,avião,bagagem,where_can_i_get_a_cart,True,0,1,word_shuffle_game,31d269cddfbed919
24c62d546f07ae8,2025-05-18T08:40:34,appetizer,restaurante_e_bar,pedir_comida,for_my_appetizer_i'll_have_the_stuffed_mushrooms,False,1,4,word_shuffle_game,28a764a6ab8ef12d
24c62d546f07ae8,2025-05-18T08:41:38,mushrooms,restaurante_e_bar,pedir_comida,for_my_appetizer_i'll_have_the_stuffed_mushrooms,False,2,1,word_shuffle_game,28a764a6ab8ef12d
24c62d546f07ae8,2025-05-18T08:42:07,metallic,avião,fazer_o_check_in,please_put_any_metallic_objects_into_the_tray,True,1,1,word_shuffle_game,3f94cdbd51a3c96
24c62d546f07ae8,2025-05-18T08:42:33,comfortable,compras,sapatos,do_they_feel_comfortable,True,1,2,word_shuffle_game,15114f123d0e00f5
24c62d546f07ae8,2025-05-18T08:42:56,wheat,comida,alimentos_básicos_e_especiarias,i_can't_eat_wheat,True,2,1,word_shuffle_game,384d81971e59c540
5b11df717ec7ef48,2025-05-18T09:49:30,arugula,comida,alimentos_básicos_e_especiarias,she_doesn't_like_arugula,True,0,1,word_shuffle_game,6822aee8c35fb7b
5b11df717ec7ef48,2025-05-18T09:50:05,garbage,compras,produtos_para_o_lar,garbage_can,True,1,1,word_shuffle_game,4633efaf2860c30b
5b11df717ec7ef48,2025-05-18T09:50:24,university,educação,na_universidade,what_departments_has_this_university_got,True,1,1,word_shuffle_game,20dc6ffcd4c33ff5
5b11df717ec7ef48,2025-05-18T09:51:13,address,compras,pagamento_&_devoluções,will_you_forward_my_purchases_to_my_home_address,True,1,4,word_shuffle_game,188fce5be16b8f6f
5b11df717ec7ef48,2025-05-18T09:51:36,forward,compras,pagamento_&_devoluções,will_you_forward_my_purchases_to_my_home_address,True,2,1,word_shuffle_game,188fce5be16b8f6f
5b11df717ec7ef48,2025-05-18T09:52:57,purchases,compras,pagamento_&_devoluções,will_you_forward_my_purchases_to_my_home_address,False,3,2,word_shuffle_game,188fce5be16b8f6f
5b11df717ec7ef48,2025-05-18T09:53:42,appetizer,restaurante_e_bar,pedir_comida,for_my_appetizer_i'll_have_the_stuffed_mushrooms,True,1,1,word_shuffle_game,6b38c72520b60ac0
5b11df717ec7ef48,2025-05-18T09:54:19,mushrooms,restaurante_e_bar,pedir_comida,for_my_appetizer_i'll_have_the_stuffed_mushrooms,False,2,1,word_shuffle_game,6b38c72520b60ac0
5b11df717ec7ef48,2025-05-18T09:55:47,veal,comida,carne_e_peixe,i'll_have_the_veal_cutlet_for_dinner,True,2,1,word_shuffle_game,5b4c4186e62f0aa5
5b11df717ec7ef48,2025-05-18T09:56:18,cutlet,comida,carne_e_peixe,i'll_have_the_veal_cutlet_for_dinner,True,2,6,word_shuffle_game,5b4c4186e62f0aa5
7f55a5ecad77544f,2025-05-18T10:05:31,twice,conversa_geral,ajuda_e_conselhos,"if_i_were_you,_i'd_think_twice_about_buying_it",True,2,3,word_shuffle_game,373d8f815b567456
24ae76d6daf43788,2025-05-18T10:09:57,electronic,avião,no_avião,please_turn_off_all_electronic_devices,True,0,1,word_shuffle_game,4c1ee5ad5fa22b29
7e05978684e5f21d,2025-05-18T10:12:28,wrap,hotel,alugar_um_apartamento,i_need_a_roll_of_plastic_wrap,True,1,1,word_shuffle_game,683cf6e07a8a7a1d
7e05978684e5f21d,2025-05-18T10:13:24,shrimp,comida,carne_e_peixe,"i'm_sorry,_but_the_shrimp_soup_is_finished",True,1,1,word_shuffle_game,54e36799d155f076
7e05978684e5f21d,2025-05-18T10:13:38,comfortable,compras,sapatos,do_they_feel_comfortable,True,0,1,word_shuffle_game,6fbbe39d62f86fc5
7e05978684e5f21d,2025-05-18T10:13:56,garbage,compras,produtos_para_o_lar,garbage_can,True,1,1,word_shuffle_game,244d3d4902f3a868
7e05978684e5f21d,2025-05-18T10:14:12,whole,tempo_de_lazer,tempo_com_a_família,my_whole_family_is_around_the_table,True,1,1,word_shuffle_game,309c1b764253ad74
7e05978684e5f21d,2025-05-18T10:14:26,veal,comida,carne_e_peixe,i'll_have_the_veal_cutlet_for_dinner,True,0,1,word_shuffle_game,56574b3b8f623c0c
7e05978684e5f21d,2025-05-18T10:15:11,cutlet,comida,carne_e_peixe,i'll_have_the_veal_cutlet_for_dinner,True,0,4,word_shuffle_game,56574b3b8f623c0c
7e05978684e5f21d,2025-05-18T10:15:35,appetizer,restaurante_e_bar,pedir_comida,for_my_appetizer_i'll_have_the_stuffed_mushrooms,True,1,1,word_shuffle_game,4d02aad5b0612289
7e05978684e5f21d,2025-05-18T10:15:56,mushrooms,restaurante_e_bar,pedir_comida,for_my_appetizer_i'll_have_the_stuffed_mushrooms,False,1,1,word_shuffle_game,4d02aad5b0612289
7e05978684e5f21d,2025-05-18T10:16:14,wheat,comida,alimentos_básicos_e_especiarias,i_can't_eat_wheat,True,1,1,word_shuffle_game,2aa8a5e275f9608a
1a02f3597901371f,2025-05-18T11:09:06,wrist,corpo,membros_do_corpo,wrist,True,0,1,word_shuffle_game,4b790efd912899e
16fd032c55b21643,2025-05-18T11:13:49,garbage,compras,produtos_para_o_lar,garbage_can,True,0,1,word_shuffle_game,2e014a0b01a3d03
26d769d09d38207e,2025-05-18T11:16:08,purchases,compras,pagamento_&_devoluções,will_you_forward_my_purchases_to_my_home_address,False,4,3,word_shuffle_game,3152ff115d3d8d5a
26d769d09d38207e,2025-05-18T11:17:36,address,compras,pagamento_&_devoluções,will_you_forward_my_purchases_to_my_home_address,False,5,5,word_shuffle_game,3152ff115d3d8d5a
26d769d09d38207e,2025-05-18T11:18:54,thick,comida,fruta,cut_the_melon_into_thick_slices,False,5,2,word_shuffle_game,6d7820019448b5c4
26d769d09d38207e,2025-05-18T11:19:34,suitcases,avião,bagagem,these_are_my_suitcases,True,1,1,word_shuffle_game,3cb98c7a13d4ca4c
26d769d09d38207e,2025-05-18T11:19:57,downtown,viagem,dar_indicações,follow_the_signs_for_downtown,True,0,1,word_shuffle_game,1aec6af2ccf1c7f7
26d769d09d38207e,2025-05-18T11:20:23,shrimp,comida,carne_e_peixe,"i'm_sorry,_but_the_shrimp_soup_is_finished",True,2,1,word_shuffle_game,23d3c0d8aee7bd27
26d769d09d38207e,2025-05-18T11:20:42,salespeople,compras,no_loja_de_departamentos,are_there_any_salespeople_who_speak_lithuanian,True,0,1,word_shuffle_game,394df3ecb4e7a238
26d769d09d38207e,2025-05-18T11:21:01,lithuanian,compras,no_loja_de_departamentos,are_there_any_salespeople_who_speak_lithuanian,True,0,1,word_shuffle_game,394df3ecb4e7a238
26d769d09d38207e,2025-05-18T11:21:24,wrap,hotel,alugar_um_apartamento,i_need_a_roll_of_plastic_wrap,True,1,1,word_shuffle_game,482617a249c1082e
26d769d09d38207e,2025-05-18T11:21:37,comfortable,compras,sapatos,do_they_feel_comfortable,True,1,1,word_shuffle_game,4a31396e9917fbf1
26d769d09d38207e,2025-05-18T11:21:59,wheat,comida,alimentos_básicos_e_especiarias,i_can't_eat_wheat,True,1,1,word_shuffle_game,a54542132aaf816
26d769d09d38207e,2025-05-18T11:22:10,electronic,avião,no_avião,please_turn_off_all_electronic_devices,True,0,1,word_shuffle_game,398df70bb73510c0
26d769d09d38207e,2025-05-18T11:22:32,twice,conversa_geral,ajuda_e_conselhos,"if_i_were_you,_i'd_think_twice_about_buying_it",True,1,1,word_shuffle_game,275724e19df1e086
26d769d09d38207e,2025-05-18T11:22:57,veal,comida,carne_e_peixe,i'll_have_the_veal_cutlet_for_dinner,True,1,2,word_shuffle_game,fa112fa4b240443
26d769d09d38207e,2025-05-18T11:23:08,cutlet,comida,carne_e_peixe,i'll_have_the_veal_cutlet_for_dinner,True,1,1,word_shuffle_game,fa112fa4b240443
26d769d09d38207e,2025-05-18T11:23:24,whole,tempo_de_lazer,tempo_com_a_família,my_whole_family_is_around_the_table,True,1,1,word_shuffle_game,40221a52f8eca5da
26d769d09d38207e,2025-05-18T11:23:39,appetizer,restaurante_e_bar,pedir_comida,for_my_appetizer_i'll_have_the_stuffed_mushrooms,True,0,1,word_shuffle_game,17db67051aafb0df
26d769d09d38207e,2025-05-18T11:24:03,mushrooms,restaurante_e_bar,pedir_comida,for_my_appetizer_i'll_have_the_stuffed_mushrooms,True,1,1,word_shuffle_game,17db67051aafb0df
26d769d09d38207e,2025-05-18T11:24:12,arugula,comida,alimentos_básicos_e_especiarias,she_doesn't_like_arugula,True,0,1,word_shuffle_game,70beb337894cfc96
26d769d09d38207e,2025-05-18T11:24:24,garbage,compras,produtos_para_o_lar,garbage_can,True,0,1,word_shuffle_game,3a73aa5fd5c77dea
29b7db982b2b2291,2025-05-18T11:26:48,twice,conversa_geral,ajuda_e_conselhos,"if_i_were_you,_i'd_think_twice_about_buying_it",True,1,1,word_shuffle_game,45bb3624b90a4edc
29b7db982b2b2291,2025-05-18T11:27:12,thick,comida,fruta,cut_the_melon_into_thick_slices,True,1,1,word_shuffle_game,4d1e359162524a5
29b7db982b2b2291,2025-05-18T11:27:32,understand,conversa_geral,fazer_se_compreender,a_linguagem_informal_oo_did_you_understand_what_i_said,True,0,1,word_shuffle_game,1519ca57b9e223d
29b7db982b2b2291,2025-05-18T11:27:46,arugula,comida,alimentos_básicos_e_especiarias,she_doesn't_like_arugula,True,0,1,word_shuffle_game,b5be46b382e0643
29b7db982b2b2291,2025-05-18T11:28:21,salespeople,compras,no_loja_de_departamentos,are_there_any_salespeople_who_speak_lithuanian,True,0,1,word_shuffle_game,e1264ff0c91e9ca
29b7db982b2b2291,2025-05-18T11:28:22,lithuanian,compras,no_loja_de_departamentos,are_there_any_salespeople_who_speak_lithuanian,True,0,1,word_shuffle_game,e1264ff0c91e9ca
29b7db982b2b2291,2025-05-18T11:28:39,wrap,hotel,alugar_um_apartamento,i_need_a_roll_of_plastic_wrap,True,0,2,word_shuffle_game,5dd42a4751abbf3d
29b7db982b2b2291,2025-05-18T11:29:04,address,compras,pagamento_&_devoluções,will_you_forward_my_purchases_to_my_home_address,True,0,1,word_shuffle_game,6866f971d83beb9a
29b7db982b2b2291,2025-05-18T11:29:56,purchases,compras,pagamento_&_devoluções,will_you_forward_my_purchases_to_my_home_address,True,0,3,word_shuffle_game,6866f971d83beb9a
29b7db982b2b2291,2025-05-18T11:30:18,downtown,viagem,dar_indicações,follow_the_signs_for_downtown,True,0,1,word_shuffle_game,2bc37cb0e47aa2d4
29b7db982b2b2291,2025-05-18T11:30:34,wheat,comida,alimentos_básicos_e_especiarias,i_can't_eat_wheat,True,0,1,word_shuffle_game,494675f047c4c964
29b7db982b2b2291,2025-05-18T11:30:43,whole,tempo_de_lazer,tempo_com_a_família,my_whole_family_is_around_the_table,True,0,1,word_shuffle_game,2c96c21406a28f3e
29b7db982b2b2291,2025-05-18T11:30:51,veal,comida,carne_e_peixe,i'll_have_the_veal_cutlet_for_dinner,True,0,1,word_shuffle_game,7d2293d75727b1b6
29b7db982b2b2291,2025-05-18T11:30:59,cutlet,comida,carne_e_peixe,i'll_have_the_veal_cutlet_for_dinner,True,0,1,word_shuffle_game,7d2293d75727b1b6
29b7db982b2b2291,2025-05-18T11:31:11,electronic,avião,no_avião,please_turn_off_all_electronic_devices,True,0,1,word_shuffle_game,2b7dd5cc3ddeca03
29b7db982b2b2291,2025-05-18T11:31:21,suitcases,avião,bagagem,these_are_my_suitcases,True,0,1,word_shuffle_game,370c2c4443254e7
29b7db982b2b2291,2025-05-18T11:31:36,garbage,compras,produtos_para_o_lar,garbage_can,True,0,1,word_shuffle_game,17ccc75ed9964171
29b7db982b2b2291,2025-05-18T11:32:16,appetizer,restaurante_e_bar,pedir_comida,for_my_appetizer_i'll_have_the_stuffed_mushrooms,True,1,1,word_shuffle_game,44d7a6e578dae52
29b7db982b2b2291,2025-05-18T11:32:42,mushrooms,restaurante_e_bar,pedir_comida,for_my_appetizer_i'll_have_the_stuffed_mushrooms,True,2,1,word_shuffle_game,44d7a6e578dae52
29b7db982b2b2291,2025-05-18T11:33:00,shrimp,comida,carne_e_peixe,"i'm_sorry,_but_the_shrimp_soup_is_finished",True,1,1,word_shuffle_game,61c63159c873b2fc
29b7db982b2b2291,2025-05-18T11:33:13,comfortable,compras,sapatos,do_they_feel_comfortable,True,0,1,word_shuffle_game,5b69f65122148760
7efa02a60a68486f,2025-05-18T11:33:28,wrap,hotel,alugar_um_apartamento,i_need_a_roll_of_plastic_wrap,True,0,1,word_shuffle_game,462f1b8b827ac438
196f5312593ae1ff,2025-05-18T20:09:15,real,adjetivos,pares_1,real,True,0,1,word_shuffle_game,4fad12f91710e1a4
196f5312593ae1ff,2025-05-18T20:10:40,rely,verbos,habilidades_interpessoais,to_rely_on,False,2,0,word_shuffle_game,36838072a12ef6b5
196f5312593ae1ff,2025-05-18T20:19:50,lie,descrição_de_pessoas,valores_e_vícios,lie,True,2,1,word_shuffle_game,159ebdd8c8474633
196f5312593ae1ff,2025-05-18T20:29:45,print,viagem,excursões,could_you_print_the_photos_from_this_memory_card,True,1,1,word_shuffle_game,787cbfb30662e0de
196f5312593ae1ff,2025-05-18T20:30:03,photos,viagem,excursões,could_you_print_the_photos_from_this_memory_card,True,2,1,word_shuffle_game,787cbfb30662e0de
196f5312593ae1ff,2025-05-18T20:30:22,memory,viagem,excursões,could_you_print_the_photos_from_this_memory_card,True,2,1,word_shuffle_game,787cbfb30662e0de
196f5312593ae1ff,2025-05-18T20:30:30,card,viagem,excursões,could_you_print_the_photos_from_this_memory_card,True,2,1,word_shuffle_game,787cbfb30662e0de
196f5312593ae1ff,2025-05-18T20:34:36,test,saúde,tratamento,i've_had_that_test_done_before,True,0,1,word_shuffle_game,1fad8cf68181264a
196f5312593ae1ff,2025-05-18T20:34:50,test,verbos,ensinar_e_aprender,to_test,True,0,1,word_shuffle_game,373953089356c2aa
196f5312593ae1ff,2025-05-18T20:35:12,subway,viagem,no_posto_de_turismo,is_there_a_subway_station_nearby,True,1,1,word_shuffle_game,4fbdd3f82973351e
196f5312593ae1ff,2025-05-18T20:35:39,station,viagem,no_posto_de_turismo,is_there_a_subway_station_nearby,True,2,1,word_shuffle_game,4fbdd3f82973351e
196f5312593ae1ff,2025-05-18T20:35:40,nearby,viagem,no_posto_de_turismo,is_there_a_subway_station_nearby,True,2,1,word_shuffle_game,4fbdd3f82973351e
3a3fca96ce9d6426,2025-05-18T21:02:50,fiancé,pessoas,amor_e_amizade,fiancé,True,1,1,word_shuffle_game,7a33a64aa680076b
7f1761d8fd6b46a4,2025-05-18T22:23:43,left,viagem,dar_indicações,it_will_be_on_your_left,True,0,1,word_shuffle_game,2fffb1086ae91b3a
386200e618d1951b,2025-05-18T22:28:38,interesting,compras,outros_produtos,i_would_like_an_interesting_game_for_a_boy,True,1,3,word_shuffle_game,6819bd245d254b4a
386200e618d1951b,2025-05-18T22:28:43,boy,compras,outros_produtos,i_would_like_an_interesting_game_for_a_boy,True,1,1,word_shuffle_game,6819bd245d254b4a
386200e618d1951b,2025-05-18T22:28:59,spell,verbos,ensinar_e_aprender,to_spell,True,1,1,word_shuffle_game,54cce6dbfa01eafb
386200e618d1951b,2025-05-18T22:29:20,smoke,verbos,ações_2,to_smoke,True,1,1,word_shuffle_game,3dd016cffbbdcfe6
386200e618d1951b,2025-05-18T22:29:33,started,empregos,ocupação,i_just_started_my_own_company,True,1,1,word_shuffle_game,6ce16e676094ba57
386200e618d1951b,2025-05-18T22:30:03,own,empregos,ocupação,i_just_started_my_own_company,True,4,1,word_shuffle_game,6ce16e676094ba57
386200e618d1951b,2025-05-18T22:30:10,company,empregos,ocupação,i_just_started_my_own_company,True,4,1,word_shuffle_game,6ce16e676094ba57
386200e618d1951b,2025-05-18T22:30:21,map,viagem,no_posto_de_turismo,please_give_me_a_map_of_the_city,True,0,1,word_shuffle_game,424b828739cc3667
386200e618d1951b,2025-05-18T22:30:29,city,viagem,no_posto_de_turismo,please_give_me_a_map_of_the_city,True,1,1,word_shuffle_game,424b828739cc3667
386200e618d1951b,2025-05-18T22:30:49,everything,restaurante_e_bar,pagar_a_conta,was_everything_all_right,True,1,1,word_shuffle_game,2c71aa13e476e7ee
386200e618d1951b,2025-05-18T22:31:02,wake,avião,no_avião,"could_you_wake_me_for_the_meal,_please",True,0,1,word_shuffle_game,20cc4486e620724
386200e618d1951b,2025-05-18T22:31:11,meal,avião,no_avião,"could_you_wake_me_for_the_meal,_please",True,2,1,word_shuffle_game,20cc4486e620724
386200e618d1951b,2025-05-18T22:32:46,saturday,tempo_e_clima,calendário,is_this_saturday_a_working_day,True,1,1,word_shuffle_game,707e638205373c05
386200e618d1951b,2025-05-18T22:33:00,working,tempo_e_clima,calendário,is_this_saturday_a_working_day,True,2,1,word_shuffle_game,707e638205373c05
386200e618d1951b,2025-05-18T22:33:28,may,compras,roupas,you_may_find_it_over_there,True,2,1,word_shuffle_game,187ab7ffa00f298c
386200e618d1951b,2025-05-18T22:33:29,find,compras,roupas,you_may_find_it_over_there,True,2,1,word_shuffle_game,187ab7ffa00f298c
386200e618d1951b,2025-05-18T22:33:49,really,tempo_e_clima,dizendo_a_hora,is_it_really_so_late,True,0,1,word_shuffle_game,610774576ffac244
386200e618d1951b,2025-05-18T22:33:50,late,tempo_e_clima,dizendo_a_hora,is_it_really_so_late,True,0,1,word_shuffle_game,610774576ffac244
386200e618d1951b,2025-05-18T22:34:45,bar,viagem,no_posto_de_turismo,is_there_a_bar_in_the_town,True,1,1,word_shuffle_game,7a08b590622aab2d
386200e618d1951b,2025-05-18T22:34:52,town,viagem,no_posto_de_turismo,is_there_a_bar_in_the_town,True,1,1,word_shuffle_game,7a08b590622aab2d
386200e618d1951b,2025-05-18T22:35:13,place,tempo_de_lazer,desporto,would_you_like_to_place_a_bet,True,1,1,word_shuffle_game,21c2d0982f4a6d4c
386200e618d1951b,2025-05-18T22:35:14,bet,tempo_de_lazer,desporto,would_you_like_to_place_a_bet,True,1,1,word_shuffle_game,21c2d0982f4a6d4c
386200e618d1951b,2025-05-18T22:35:33,lights,hotel,reclamações,one_of_the_lights_isn't_working,True,1,1,word_shuffle_game,474a6836ae0f129d
386200e618d1951b,2025-05-18T22:35:39,working,hotel,reclamações,one_of_the_lights_isn't_working,True,1,1,word_shuffle_game,474a6836ae0f129d
386200e618d1951b,2025-05-18T22:36:10,bad,conversa_geral,expressar_sentimentos,i'm_in_a_bad_mood,True,2,1,word_shuffle_game,55eb792444b5c576
386200e618d1951b,2025-05-18T22:36:16,mood,conversa_geral,expressar_sentimentos,i'm_in_a_bad_mood,True,2,2,word_shuffle_game,55eb792444b5c576
386200e618d1951b,2025-05-18T22:36:22,dark,sistemas,cores,dark,True,0,1,word_shuffle_game,64f989eb8964f22c
386200e618d1951b,2025-05-18T22:36:42,looks,compras,roupas,it_looks_great_on_you!,True,3,1,word_shuffle_game,4b0be99b0400858a
386200e618d1951b,2025-05-18T22:37:05,great,compras,roupas,it_looks_great_on_you!,True,5,2,word_shuffle_game,4b0be99b0400858a
53d1b1725aa8899e,2025-05-19T08:33:28,cab,viagem,no_posto_de_turismo,do_you_know_the_number_to_call_a_cab,True,0,1,word_shuffle_game,66b6526433bcdea4
5df34ad34143ec3,2025-05-20T09:58:57,play,tempo_de_lazer,teatro,play,True,0,1,word_shuffle_game,24baac442332bb16
384994f401a50206,2025-05-20T10:08:08,curly,fazer_amigos,descrever_pessoas,he_has_curly_re_hair,True,0,1,word_shuffle_game,3d61be41fd0937ec
64cc62c9d7f327e4,2025-05-20T10:09:34,our,restaurante_e_bar,reclamações,is_our_meal_on_its_way,True,0,1,word_shuffle_game,1cea840f4db48b7b
64cc62c9d7f327e4,2025-05-20T10:09:53,its,restaurante_e_bar,reclamações,is_our_meal_on_its_way,True,0,1,word_shuffle_game,1cea840f4db48b7b
3c9280ec584cbe78,2025-05-20T15:34:15,while,outras_partes_do_discurso,conjunções,while,True,0,1,word_shuffle_game,4f4b812efce4dffc
3c9280ec584cbe78,2025-05-20T15:34:23,because,outras_partes_do_discurso,conjunções,because,True,0,1,word_shuffle_game,64e8a3a2bb9e8b94
4194c5c908cce330,2025-05-20T15:40:49,thirteen,sistemas,numerais_cardinais,thirteen,False,1,1,word_shuffle_game,62859a508d50a413
4194c5c908cce330,2025-05-20T15:41:27,wonder,viagem,pedir_indicações,i_wonder_if_someone_could_tell_me_the_direction,True,1,1,word_shuffle_game,30d4a60f68215c81
4194c5c908cce330,2025-05-20T15:42:20,direction,viagem,pedir_indicações,i_wonder_if_someone_could_tell_me_the_direction,True,3,1,word_shuffle_game,30d4a60f68215c81
4194c5c908cce330,2025-05-20T15:42:45,someone,viagem,pedir_indicações,i_wonder_if_someone_could_tell_me_the_direction,True,8,3,word_shuffle_game,30d4a60f68215c81
4194c5c908cce330,2025-05-20T15:42:54,snack,cidades,restaurante_e_bar,snack_bar,True,0,1,word_shuffle_game,51e96ec990aefe61
4194c5c908cce330,2025-05-20T15:43:02,outside,outras_partes_do_discurso,preposições,outside,True,0,1,word_shuffle_game,1738e490c8866d27
4194c5c908cce330,2025-05-20T15:43:24,transaction,compras,pagamento_&_devoluções,the_transaction_has_not_been_approved,True,0,1,word_shuffle_game,39635bbfc85ab9f4
4194c5c908cce330,2025-05-20T15:43:25,approved,compras,pagamento_&_devoluções,the_transaction_has_not_been_approved,True,0,1,word_shuffle_game,39635bbfc85ab9f4
4194c5c908cce330,2025-05-20T15:43:34,hall,cidades,atrações_turisticas,city_hall,True,1,1,word_shuffle_game,60722c0ceac90112
4194c5c908cce330,2025-05-20T15:43:47,record,tempo_de_lazer,desporto,you_can't_beat_this_record,True,0,1,word_shuffle_game,2cec5ed41e38b1b7
4194c5c908cce330,2025-05-20T15:44:12,beat,tempo_de_lazer,desporto,you_can't_beat_this_record,True,1,2,word_shuffle_game,2cec5ed41e38b1b7
4194c5c908cce330,2025-05-20T15:44:24,rely,verbos,habilidades_interpessoais,to_rely_on,True,1,1,word_shuffle_game,33cb4a236a5bdd09
4194c5c908cce330,2025-05-20T15:44:48,pinch,compras,sapatos,they_pinch_me,True,1,1,word_shuffle_game,460d514e4c221c6c
4194c5c908cce330,2025-05-20T15:45:38,theater,viagem,no_posto_de_turismo,how_do_we_get_to_the_theater,False,2,3,word_shuffle_game,6f373d1cceb5d500
4194c5c908cce330,2025-05-20T15:46:28,continue,viagem,dar_indicações,continue_straight_on_past_some_stoplights,True,2,1,word_shuffle_game,1c52bd01cb942b3
4194c5c908cce330,2025-05-20T15:46:36,past,viagem,dar_indicações,continue_straight_on_past_some_stoplights,True,2,1,word_shuffle_game,1c52bd01cb942b3
4194c5c908cce330,2025-05-20T15:47:00,stoplights,viagem,dar_indicações,continue_straight_on_past_some_stoplights,True,2,3,word_shuffle_game,1c52bd01cb942b3
4194c5c908cce330,2025-05-20T15:47:10,straight,viagem,dar_indicações,continue_straight_on_past_some_stoplights,False,2,1,word_shuffle_game,1c52bd01cb942b3
4194c5c908cce330,2025-05-20T15:47:24,guide,viagem,excursões,who_will_be_our_guide,True,0,1,word_shuffle_game,4cb7abf8d98b7a23
4194c5c908cce330,2025-05-20T15:47:32,two,sistemas,numerais_cardinais,two,True,0,2,word_shuffle_game,71779ff30001e3d2
4194c5c908cce330,2025-05-20T15:47:47,instructions,compras,dispositivos_eletrónicos,does_it_come_with_instructions,True,0,1,word_shuffle_game,daa1d8aec0580d0
4194c5c908cce330,2025-05-20T15:48:20,daughter,pessoas,familia,daughter,False,0,1,word_shuffle_game,3f31d4db7b715789
4194c5c908cce330,2025-05-20T15:48:52,accommodations,viagem,no_posto_de_turismo,could_you_book_accommodations_for_me,True,0,1,word_shuffle_game,554ce395c329ee1c
4194c5c908cce330,2025-05-20T15:49:06,book,viagem,no_posto_de_turismo,could_you_book_accommodations_for_me,True,1,1,word_shuffle_game,554ce395c329ee1c
4194c5c908cce330,2025-05-20T15:49:18,meat,restaurante_e_bar,pedir_comida,i_would_like_my_meat_well_done,True,0,1,word_shuffle_game,296e8a58409e5170
4194c5c908cce330,2025-05-20T15:49:24,well,restaurante_e_bar,pedir_comida,i_would_like_my_meat_well_done,True,1,1,word_shuffle_game,296e8a58409e5170
4194c5c908cce330,2025-05-20T15:49:51,battery,serviços,reparações,i_think_it_needs_a_new_battery,True,1,1,word_shuffle_game,5ccd0ea80bbf10cb
4194c5c908cce330,2025-05-20T15:50:03,needs,serviços,reparações,i_think_it_needs_a_new_battery,True,2,1,word_shuffle_game,5ccd0ea80bbf10cb
4194c5c908cce330,2025-05-20T15:50:08,sun,educação,astronomia,sun,True,0,1,word_shuffle_game,2d1f1f16a6072bf5
4194c5c908cce330,2025-05-20T15:50:19,package,compras,no_supermercado,"a_package_of_cookies,_please",True,0,1,word_shuffle_game,3ebbc4795f0fa432
4194c5c908cce330,2025-05-20T15:50:32,cookies,compras,no_supermercado,"a_package_of_cookies,_please",True,0,1,word_shuffle_game,3ebbc4795f0fa432
4194c5c908cce330,2025-05-20T15:51:04,straight,viagem,dar_indicações,continue_straight_ahead_for_about_a_kilometer,True,0,1,word_shuffle_game,65a2e423204d4c97
4194c5c908cce330,2025-05-20T15:51:10,ahead,viagem,dar_indicações,continue_straight_ahead_for_about_a_kilometer,True,0,1,word_shuffle_game,65a2e423204d4c97
4194c5c908cce330,2025-05-20T15:51:14,continue,viagem,dar_indicações,continue_straight_ahead_for_about_a_kilometer,True,0,1,word_shuffle_game,65a2e423204d4c97
4194c5c908cce330,2025-05-20T15:51:50,kilometer,viagem,dar_indicações,continue_straight_ahead_for_about_a_kilometer,True,1,1,word_shuffle_game,65a2e423204d4c97
4194c5c908cce330,2025-05-20T15:52:09,mountain,educação,geografia,mountain_range,True,0,1,word_shuffle_game,6112292088e40b39
4194c5c908cce330,2025-05-20T15:52:18,range,educação,geografia,mountain_range,True,0,1,word_shuffle_game,6112292088e40b39
4194c5c908cce330,2025-05-20T15:52:49,eleven,educação,números_e_cores,"eleven,_twelve,_thirteen",True,0,1,word_shuffle_game,3283ca2f2d888e99
4194c5c908cce330,2025-05-20T15:52:50,twelve,educação,números_e_cores,"eleven,_twelve,_thirteen",True,0,1,word_shuffle_game,3283ca2f2d888e99
4194c5c908cce330,2025-05-20T15:53:06,thirteen,educação,números_e_cores,"eleven,_twelve,_thirteen",True,1,2,word_shuffle_game,3283ca2f2d888e99
4194c5c908cce330,2025-05-20T15:53:15,red,fazer_amigos,descrever_pessoas,he_has_curly_re_hair,True,1,1,word_shuffle_game,47072b2227881953
4194c5c908cce330,2025-05-20T15:53:27,needs,serviços,reparações,my_watch_needs_adjusting,True,0,1,word_shuffle_game,37dcd15e9151033c
4194c5c908cce330,2025-05-20T15:53:52,adjusting,serviços,reparações,my_watch_needs_adjusting,True,0,1,word_shuffle_game,37dcd15e9151033c
4194c5c908cce330,2025-05-20T15:54:08,cash,compras,no_loja_de_departamentos,the_cash_register_is_over_there,True,0,1,word_shuffle_game,1940f9e0882ac210
4194c5c908cce330,2025-05-20T15:54:19,register,compras,no_loja_de_departamentos,the_cash_register_is_over_there,True,0,1,word_shuffle_game,1940f9e0882ac210
4194c5c908cce330,2025-05-20T15:54:39,doing,educação,na_universidade,i'm_doing_a_master's_in_law,True,1,1,word_shuffle_game,316dc16678fa9ba5
4194c5c908cce330,2025-05-20T15:54:40,master's,educação,na_universidade,i'm_doing_a_master's_in_law,True,1,1,word_shuffle_game,316dc16678fa9ba5
4194c5c908cce330,2025-05-20T15:54:49,law,educação,na_universidade,i'm_doing_a_master's_in_law,True,1,1,word_shuffle_game,316dc16678fa9ba5
4194c5c908cce330,2025-05-20T15:54:58,kid,animais,crias_de_animais,kid,True,0,1,word_shuffle_game,1b5ee1f7d1b74a0d
4194c5c908cce330,2025-05-20T15:55:17,teach,verbos,ensinar_e_aprender,to_teach,True,0,2,word_shuffle_game,288dbfa59f7c40ca
4194c5c908cce330,2025-05-20T15:55:52,across,viagem,dar_indicações,across_from_the_post_office,True,1,1,word_shuffle_game,60bb70a5575b5ce9
4194c5c908cce330,2025-05-20T15:56:53,post,viagem,dar_indicações,across_from_the_post_office,True,2,2,word_shuffle_game,60bb70a5575b5ce9
4194c5c908cce330,2025-05-20T15:56:54,office,viagem,dar_indicações,across_from_the_post_office,True,2,1,word_shuffle_game,60bb70a5575b5ce9
4194c5c908cce330,2025-05-20T15:57:02,where's,viagem,no_posto_de_turismo,where's_the_cathedral,True,0,1,word_shuffle_game,70cacef09360337e
4194c5c908cce330,2025-05-20T15:57:16,cathedral,viagem,no_posto_de_turismo,where's_the_cathedral,True,0,1,word_shuffle_game,70cacef09360337e
4194c5c908cce330,2025-05-20T15:57:26,hurt,saude,lesões,to_hurt,True,0,1,word_shuffle_game,98991b652442291
4194c5c908cce330,2025-05-20T15:57:36,doing,educação,na_universidade,i'm_doing_a_phd_in_chemistry,True,1,1,word_shuffle_game,400d829b58c93f1e
4194c5c908cce330,2025-05-20T15:57:44,phd,educação,na_universidade,i'm_doing_a_phd_in_chemistry,True,2,1,word_shuffle_game,400d829b58c93f1e
4194c5c908cce330,2025-05-20T15:58:27,chemistry,educação,na_universidade,i'm_doing_a_phd_in_chemistry,False,4,1,word_shuffle_game,400d829b58c93f1e
4194c5c908cce330,2025-05-20T15:58:43,correct,tempo_e_clima,dizendo_a_hora,does_your_watch_tell_the_correct_time,True,1,1,word_shuffle_game,527334cd486572c4
4194c5c908cce330,2025-05-20T15:58:58,high,sistemas,tamanhos_e_formas,high,True,2,1,word_shuffle_game,72ee5f90c11de36f
4194c5c908cce330,2025-05-20T15:59:05,outside,casa,partes_da_casa,outside,True,0,1,word_shuffle_game,404589a5073a51f1
4194c5c908cce330,2025-05-20T15:59:15,hurt,saúde,no_médico,does_it_hurt_when_you_swallow,True,0,1,word_shuffle_game,46b2e1ea551e2b26
4194c5c908cce330,2025-05-20T15:59:30,swallow,saúde,no_médico,does_it_hurt_when_you_swallow,True,1,1,word_shuffle_game,46b2e1ea551e2b26
4194c5c908cce330,2025-05-20T15:59:36,keep,verbos,verbos_de_estado,to_keep,True,0,1,word_shuffle_game,167179d5969c77ab
4194c5c908cce330,2025-05-20T15:59:43,ruins,viagem,no_posto_de_turismo,where_are_the_ruins,True,0,1,word_shuffle_game,7dc8ef14bdebfa7e
4194c5c908cce330,2025-05-20T16:00:01,ever,restaurante_e_bar,durante_a_refeição,do_you_ever_eat_fast_food,True,1,1,word_shuffle_game,490bf17a8d7530d7
4194c5c908cce330,2025-05-20T16:00:04,fast,restaurante_e_bar,durante_a_refeição,do_you_ever_eat_fast_food,True,1,1,word_shuffle_game,490bf17a8d7530d7
4194c5c908cce330,2025-05-20T16:00:44,stripes,compras,acessórios,please_show_me_a_tie_with_stripes,True,1,1,word_shuffle_game,7bff9d461ebad1b5
4194c5c908cce330,2025-05-20T16:00:46,tie,compras,acessórios,please_show_me_a_tie_with_stripes,True,1,1,word_shuffle_game,7bff9d461ebad1b5
4194c5c908cce330,2025-05-20T16:00:52,mood,descrição_de_pessoas,sentimentos,mood,True,0,1,word_shuffle_game,73718c0f2b4f6554
4194c5c908cce330,2025-05-20T16:01:23,waiting,restaurante_e_bar,reclamações,we_have_been_waiting_for_over_an_hour,True,3,1,word_shuffle_game,7867dcb6a7ef79e
4194c5c908cce330,2025-05-20T16:01:53,microscope,educação,biologia,microscope,True,1,1,word_shuffle_game,2f7c828561bfa8fe
4194c5c908cce330,2025-05-20T16:02:00,keep,viagem,dar_indicações,keep_going_for_another_two_hundred_meters,True,0,1,word_shuffle_game,624db320f9fadbed
4194c5c908cce330,2025-05-20T16:28:01,two,viagem,dar_indicações,keep_going_for_another_two_hundred_meters,True,2,1,word_shuffle_game,624db320f9fadbed
4194c5c908cce330,2025-05-20T16:28:03,another,viagem,dar_indicações,keep_going_for_another_two_hundred_meters,True,2,1,word_shuffle_game,624db320f9fadbed
4194c5c908cce330,2025-05-20T16:29:01,hundred,viagem,dar_indicações,keep_going_for_another_two_hundred_meters,False,5,2,word_shuffle_game,624db320f9fadbed
4194c5c908cce330,2025-05-20T16:29:14,meters,viagem,dar_indicações,keep_going_for_another_two_hundred_meters,True,5,1,word_shuffle_game,624db320f9fadbed
4194c5c908cce330,2025-05-20T16:30:36,size,compras,sapatos,this_is_not_your_size,True,0,1,word_shuffle_game,548a7985bf435760
4194c5c908cce330,2025-05-20T16:31:17,recommend,viagem,no_posto_de_turismo,can_you_recommend_a_good_bar_near_here,True,0,1,word_shuffle_game,3a69bf130b8ffa6e
4194c5c908cce330,2025-05-20T16:31:31,near,viagem,no_posto_de_turismo,can_you_recommend_a_good_bar_near_here,True,0,1,word_shuffle_game,3a69bf130b8ffa6e
4194c5c908cce330,2025-05-20T16:42:50,you'd,viagem,dar_indicações,‘ou'd_better_tak_the_trolley,True,1,1,word_shuffle_game,2e1f31d7b9ed1a8b
4194c5c908cce330,2025-05-20T16:42:51,trolley,viagem,dar_indicações,‘ou'd_better_tak_the_trolley,True,1,1,word_shuffle_game,2e1f31d7b9ed1a8b
4194c5c908cce330,2025-05-20T16:43:02,believe,verbos,expressão_de_sentimentos,to_believe,True,0,1,word_shuffle_game,3a0abd1987c2f831
4194c5c908cce330,2025-05-20T16:43:08,clone,educação,biologia,clone,True,0,1,word_shuffle_game,707c40e980e4601a
4194c5c908cce330,2025-05-20T16:43:16,great,compras,roupas,it_looks_great_on_you!,True,0,1,word_shuffle_game,5c75855942f10c66
4194c5c908cce330,2025-05-20T16:43:23,course,educação,na_universidade,what_course_do_you_teach,True,0,1,word_shuffle_game,68ce6a5081aba6ac
4194c5c908cce330,2025-05-20T16:43:29,teach,educação,na_universidade,what_course_do_you_teach,True,0,1,word_shuffle_game,68ce6a5081aba6ac
4194c5c908cce330,2025-05-20T16:43:56,he's,restaurante_e_bar,durante_a_refeição,he's_coming_soon,True,1,1,word_shuffle_game,113835bdef14792
4194c5c908cce330,2025-05-20T16:43:56,coming,restaurante_e_bar,durante_a_refeição,he's_coming_soon,True,1,1,word_shuffle_game,113835bdef14792
4194c5c908cce330,2025-05-20T16:44:00,soon,restaurante_e_bar,durante_a_refeição,he's_coming_soon,True,1,1,word_shuffle_game,113835bdef14792
4194c5c908cce330,2025-05-20T16:44:14,advice,nomes,comunicação,piece_of_advice,True,1,1,word_shuffle_game,70b7abaae52e8237
4194c5c908cce330,2025-05-20T16:44:23,shade,sistemas,cores,shade,True,1,1,word_shuffle_game,5fd573560d58a9f3
4194c5c908cce330,2025-05-20T16:44:37,weak,adjetivos,sobre_as_pessoas,weak,True,0,2,word_shuffle_game,186050a59368ee26
4194c5c908cce330,2025-05-20T16:44:44,sun,restaurante_e_bar,reservar_uma_mesa,could_we_sit_in_the_sun,True,0,1,word_shuffle_game,51096c99b9b2fb9c
4194c5c908cce330,2025-05-20T16:44:54,window,casa,decoração,window_shade,True,0,1,word_shuffle_game,718fdb3e10dee7b8
4194c5c908cce330,2025-05-20T16:44:54,shade,casa,decoração,window_shade,True,0,1,word_shuffle_game,718fdb3e10dee7b8
4194c5c908cce330,2025-05-20T16:45:01,even,educação,matematica,even_number,True,0,1,word_shuffle_game,5e27cc91bdb491c6
4194c5c908cce330,2025-05-20T16:45:06,look,corpo,ações,to_look,True,0,1,word_shuffle_game,1ec69c41304999e1
4194c5c908cce330,2025-05-20T16:45:32,chirp,animais,sons_dos_animais,to_chirp,False,2,2,word_shuffle_game,197a8bfad49628c7
4194c5c908cce330,2025-05-20T16:45:48,even,advérbios,palavras_interrogativas_e_ligação,even,True,0,1,word_shuffle_game,63e3c5da8ea89fba
4194c5c908cce330,2025-05-20T16:46:29,brochures,viagem,no_posto_de_turismo,do_you_have_any_brochures,False,2,1,word_shuffle_game,5db03f607362132
4194c5c908cce330,2025-05-20T16:46:48,looking,compras,outros_produtos,i'm_looking_for_paintings_by_well-known_belgian_artists,True,1,1,word_shuffle_game,1a8c117ac17a0f63
4194c5c908cce330,2025-05-20T16:49:02,paintings,compras,outros_produtos,i'm_looking_for_paintings_by_well-known_belgian_artists,True,1,2,word_shuffle_game,1a8c117ac17a0f63
4194c5c908cce330,2025-05-20T16:49:29,well-known,compras,outros_produtos,i'm_looking_for_paintings_by_well-known_belgian_artists,True,2,1,word_shuffle_game,1a8c117ac17a0f63
4194c5c908cce330,2025-05-20T16:49:52,belgian,compras,outros_produtos,i'm_looking_for_paintings_by_well-known_belgian_artists,False,2,1,word_shuffle_game,1a8c117ac17a0f63
4194c5c908cce330,2025-05-20T16:50:00,artists,compras,outros_produtos,i'm_looking_for_paintings_by_well-known_belgian_artists,True,2,1,word_shuffle_game,1a8c117ac17a0f63
4194c5c908cce330,2025-05-20T16:50:06,face,corpo,cabeça_e_rosto,face,True,0,1,word_shuffle_game,64fcd0c8b0c3a47c
67e091efdf3138c5,2025-05-20T16:55:32,theater,viagem,no_posto_de_turismo,is_there_a_theater_in_this_town,True,0,2,word_shuffle_game,4ca05384a4161b02
67e091efdf3138c5,2025-05-20T16:56:24,garbage,compras,produtos_para_o_lar,garbage_can,True,1,1,word_shuffle_game,475a19781bb2892d
67e091efdf3138c5,2025-05-20T16:56:59,theater,viagem,no_posto_de_turismo,how_do_we_get_to_the_theater,True,1,1,word_shuffle_game,71bb9c7ac940867e
67e091efdf3138c5,2025-05-20T16:57:11,teach,verbos,ensinar_e_aprender,to_teach,True,0,1,word_shuffle_game,2bdf3d9ae6eb83b6
67e091efdf3138c5,2025-05-20T16:57:58,tooth,saúde,no_dentista,i_would_like_to_have_a_tooth_filled,True,3,1,word_shuffle_game,553982f4ae54550e
67e091efdf3138c5,2025-05-20T16:58:25,filled,saúde,no_dentista,i_would_like_to_have_a_tooth_filled,True,9,1,word_shuffle_game,553982f4ae54550e
67e091efdf3138c5,2025-05-20T16:58:34,lane,carro,sinais_de_estrada,bus_lane,True,1,1,word_shuffle_game,38eeda4e25f9e2c
67e091efdf3138c5,2025-05-20T16:58:48,chirp,animais,sons_dos_animais,to_chirp,True,1,1,word_shuffle_game,146d293e4d790ce
67e091efdf3138c5,2025-05-20T16:58:57,theater,viagem,no_posto_de_turismo,how_do_we_get_to_the_theater,True,0,1,word_shuffle_game,64290e8393eab18f
67e091efdf3138c5,2025-05-20T16:59:02,stars,viagem,no_posto_de_turismo,how_many_stars_does_it_have,True,0,1,word_shuffle_game,7410bf0a2d28d17f
67e091efdf3138c5,2025-05-20T16:59:19,telescope,educação,astronomia,telescope,True,0,1,word_shuffle_game,6f0478f4a370478
67e091efdf3138c5,2025-05-20T16:59:56,minimum,tempo_de_lazer,desporto,what_is_the_inimum_bet_i_c_place,True,1,1,word_shuffle_game,61a72ad641893ea9
67e091efdf3138c5,2025-05-20T17:00:27,point,viagem,pedir_indicações,please_point_out_where_i_am_on_this_map,True,1,1,word_shuffle_game,7be73cfb7c8d836a
67e091efdf3138c5,2025-05-20T17:00:34,step,casa,partes_da_casa,step,True,0,1,word_shuffle_game,28f2e20e93162334
67e091efdf3138c5,2025-05-20T17:02:59,hate,verbos,expressão_de_sentimentos,to_hate,True,0,1,word_shuffle_game,571c45119453e5fc
67e091efdf3138c5,2025-05-20T17:03:23,someone,viagem,pedir_indicações,i_wonder_if_someone_could_tell_me_the_direction,True,7,1,word_shuffle_game,5853435ec23807f7
67e091efdf3138c5,2025-05-20T17:04:49,little,compras,pagamento_&_devoluções,"it's_good,_but_it's_a_little_expensive",True,2,1,word_shuffle_game,7af24e622f22e833
67e091efdf3138c5,2025-05-20T17:04:56,expensive,compras,pagamento_&_devoluções,"it's_good,_but_it's_a_little_expensive",True,2,1,word_shuffle_game,7af24e622f22e833
67e091efdf3138c5,2025-05-20T17:05:13,emma,fazer_amigos,descrever_pessoas,what_is_emma_like,True,0,1,word_shuffle_game,42cbd11d19308c81
67e091efdf3138c5,2025-05-20T17:05:34,honestly,advérbios,advérbios_de_modo_2,honestly,True,1,1,word_shuffle_game,2edae11ef01f6ad9
67e091efdf3138c5,2025-05-20T17:05:57,straight,viagem,dar_indicações,continue_straight_on_past_some_stoplights,True,1,1,word_shuffle_game,134003a65396132e
67e091efdf3138c5,2025-05-20T17:06:15,stoplights,viagem,dar_indicações,continue_straight_on_past_some_stoplights,True,2,1,word_shuffle_game,134003a65396132e
67e091efdf3138c5,2025-05-20T17:06:34,bunch,compras,na_livraria_e_florista,d_like_a_bunch_«_daffodils,True,1,1,word_shuffle_game,4c1bbff48133b09e
67e091efdf3138c5,2025-05-20T17:06:58,daffodils,compras,na_livraria_e_florista,d_like_a_bunch_«_daffodils,False,2,1,word_shuffle_game,4c1bbff48133b09e
67e091efdf3138c5,2025-05-20T17:07:31,hundred,sistemas,numerais_cardinais,one_hundred_thousand,True,0,1,word_shuffle_game,7bf095a57d41c7c0
67e091efdf3138c5,2025-05-20T17:07:42,someone,restaurante_e_bar,pedir_comida,i'm_waiting_for_someone,True,0,1,word_shuffle_game,b8489b8d79c8aeb
67e091efdf3138c5,2025-05-20T17:08:00,none,outro_transporte,táxi,"sorry,_there_are_none_available_at_the_moment",True,0,1,word_shuffle_game,3d0cbdbd52c3975f
67e091efdf3138c5,2025-05-20T17:09:20,available,outro_transporte,táxi,"sorry,_there_are_none_available_at_the_moment",False,3,1,word_shuffle_game,3d0cbdbd52c3975f
67e091efdf3138c5,2025-05-20T17:09:30,moment,outro_transporte,táxi,"sorry,_there_are_none_available_at_the_moment",True,3,1,word_shuffle_game,3d0cbdbd52c3975f
67e091efdf3138c5,2025-05-20T17:09:40,soap,compras,loja_de_produtos_de_banho,soap,True,0,1,word_shuffle_game,5cf8fa4a5cefa07e
67e091efdf3138c5,2025-05-20T17:09:52,thank,encontros,casamento,thank_you_for_coming_here_today,True,1,1,word_shuffle_game,5b9edfd6dad8ef5c
67e091efdf3138c5,2025-05-20T17:10:05,teach,educação,na_universidade,what_course_do_you_teach,True,1,1,word_shuffle_game,554b1b694e8e51dc
67e091efdf3138c5,2025-05-20T17:10:24,anyplace,compras,no_loja_de_departamentos,anyplace_else_i_could_try,True,1,1,word_shuffle_game,5a6e51aa3bbf8528
67e091efdf3138c5,2025-05-20T17:10:30,try,compras,no_loja_de_departamentos,anyplace_else_i_could_try,True,1,1,word_shuffle_game,5a6e51aa3bbf8528
67e091efdf3138c5,2025-05-20T17:10:53,someone,viagem,pedir_indicações,i_wonder_if_someone_could_tell_me_the_direction,True,1,1,word_shuffle_game,4be88e6ebbd2d185
67e091efdf3138c5,2025-05-20T17:11:03,god,fazer_amigos,idade_nacionalidade_e_religião,do_you_believe_in_god,True,0,1,word_shuffle_game,5a55c1bde7af8bb0
67e091efdf3138c5,2025-05-20T17:11:09,able,verbos,verbos_de_estado,to_be_able,True,0,1,word_shuffle_game,75b86515f8e47c07
67e091efdf3138c5,2025-05-20T17:15:08,straight,viagem,dar_indicações,continue_straight_ahead_for_about_a_kilometer,True,2,4,word_shuffle_game,3bc16665b993a5aa
67e091efdf3138c5,2025-05-20T17:15:27,added,restaurante_e_bar,pagar_a_conta,i_believe_the_check_is_added_up_wrong,True,1,1,word_shuffle_game,32d22316373d252c
67e091efdf3138c5,2025-05-20T17:16:25,interesting,compras,outros_produtos,i_would_like_an_interesting_game_for_a_boy,True,1,1,word_shuffle_game,2136e33df2409217
67e091efdf3138c5,2025-05-20T17:16:40,weak,adjetivos,sobre_as_pessoas,weak,True,0,1,word_shuffle_game,53240e8e65e3ccb9
67e091efdf3138c5,2025-05-20T17:17:56,prepare,restaurante_e_bar,pedir_comida,could_you_please_prepare_the_dish_with_no_salt,True,1,2,word_shuffle_game,3bd1b72d6282bca5
67e091efdf3138c5,2025-05-20T17:18:01,dish,restaurante_e_bar,pedir_comida,could_you_please_prepare_the_dish_with_no_salt,True,1,1,word_shuffle_game,3bd1b72d6282bca5
67e091efdf3138c5,2025-05-20T17:18:08,no,restaurante_e_bar,pedir_comida,could_you_please_prepare_the_dish_with_no_salt,True,1,2,word_shuffle_game,3bd1b72d6282bca5
67e091efdf3138c5,2025-05-20T17:18:12,salt,restaurante_e_bar,pedir_comida,could_you_please_prepare_the_dish_with_no_salt,True,1,1,word_shuffle_game,3bd1b72d6282bca5
67e091efdf3138c5,2025-05-20T17:18:44,thirteen,educação,números_e_cores,"eleven,_twelve,_thirteen",True,2,2,word_shuffle_game,64520beca1d26be5
67e091efdf3138c5,2025-05-20T17:18:51,sense,descrição_de_pessoas,sentimentos,sense_of_humor,True,0,1,word_shuffle_game,4fbf6522c2488e3c
67e091efdf3138c5,2025-05-20T17:19:05,humor,descrição_de_pessoas,sentimentos,sense_of_humor,True,1,1,word_shuffle_game,4fbf6522c2488e3c
67e091efdf3138c5,2025-05-20T17:19:27,thirteen,sistemas,numerais_cardinais,thirteen,True,1,1,word_shuffle_game,44de48ddbed29987
67e091efdf3138c5,2025-05-20T17:19:35,mood,conversa_geral,expressar_sentimentos,i'm_in_a_bad_mood,True,1,1,word_shuffle_game,79ae59313eea5723
67e091efdf3138c5,2025-05-20T17:20:14,paintings,compras,outros_produtos,i'm_looking_for_paintings_by_well-known_belgian_artists,True,2,1,word_shuffle_game,30e19904c1f0609d
67e091efdf3138c5,2025-05-20T17:20:47,well-known,compras,outros_produtos,i'm_looking_for_paintings_by_well-known_belgian_artists,True,5,1,word_shuffle_game,30e19904c1f0609d
67e091efdf3138c5,2025-05-20T17:21:43,belgian,compras,outros_produtos,i'm_looking_for_paintings_by_well-known_belgian_artists,False,10,1,word_shuffle_game,30e19904c1f0609d
67e091efdf3138c5,2025-05-20T17:21:57,learned,conversa_geral,idiomas,i_learned_it_in_school,True,0,1,word_shuffle_game,75f714860a882d97
a328bff28586c0c,2025-05-22T11:12:12,hundred,viagem,dar_indicações,keep_going_for_another_two_hundred_meters,True,0,1,word_shuffle_game,169a781259fc07b6
a328bff28586c0c,2025-05-22T11:12:13,two,viagem,dar_indicações,keep_going_for_another_two_hundred_meters,True,0,1,word_shuffle_game,169a781259fc07b6
3208b95b3a0141d0,2025-05-22T11:14:54,weak,adjetivos,sobre_as_pessoas,weak,True,0,1,word_shuffle_game,42569ac252f4c7f6
42711ce59079f7af,2025-05-22T13:52:18,very,encontros,elogios,"that's_very_kind_of_you_to_say_so,_thank_you",True,1,1,word_shuffle_game,3f87047c0d537c51
42711ce59079f7af,2025-05-22T13:52:49,museums,viagem,excursões,would_you_please_tell_me_what_museums_are_here,True,1,1,word_shuffle_game,70b42bb9fbcb1123
30f34508948596d9,2025-05-22T14:39:14,daffodils,compras,na_livraria_e_florista,d_like_a_bunch_«_daffodils,False,2,3,word_shuffle_game,17d5caa1cf239c30
30f34508948596d9,2025-05-22T14:39:42,saying,cultura,livros,saying,True,1,1,word_shuffle_game,1ce6fe03fcb677bf
367eeebadeb7f5bf,2025-05-22T14:44:40,beat,tempo_de_lazer,desporto,you_can't_beat_this_record,True,0,1,word_shuffle_game,528c1c8bfb7ec908
367eeebadeb7f5bf,2025-05-22T14:44:59,pick,viagem,excursões,i'd_like_to_pick_up_my_photos,True,1,1,word_shuffle_game,c36ea83add6c45a
3cb3d2af7f7774d,2025-05-22T14:49:23,roses,compras,na_livraria_e_florista,"give_me_three_roses,_please",True,0,1,word_shuffle_game,4a475627988b8643
1c9e6b79adfa5404,2025-05-23T21:15:31,eyeglasses,saúde,no_oculista,these_eyeglasses_are_too_weak_for_me,True,2,1,word_shuffle_game,62c015df8d212188
1c9e6b79adfa5404,2025-05-23T21:15:45,weak,saúde,no_oculista,these_eyeglasses_are_too_weak_for_me,True,2,1,word_shuffle_game,62c015df8d212188
1c9e6b79adfa5404,2025-05-23T21:17:31,nose,saúde,doenças,i_have_a_runny_nose,True,1,1,word_shuffle_game,35ed5d1865b9e61d
1c9e6b79adfa5404,2025-05-23T21:17:49,runny,saúde,doenças,i_have_a_runny_nose,True,1,1,word_shuffle_game,35ed5d1865b9e61d
1c9e6b79adfa5404,2025-05-23T21:18:06,heels,moda,calçado,high_heels,True,1,1,word_shuffle_game,722139811b8e1542
1c9e6b79adfa5404,2025-05-23T21:18:26,stock,compras,outros_produtos,we_are_out_of_stock,True,1,1,word_shuffle_game,40aabf67f0ed187d
1c9e6b79adfa5404,2025-05-23T21:18:45,daughter,pessoas,familia,daughter,True,0,1,word_shuffle_game,2225ea0830463b77
1c9e6b79adfa5404,2025-05-23T21:18:53,able,verbos,verbos_de_estado,to_be_able,True,0,1,word_shuffle_game,27e509ff5031a84e
1c9e6b79adfa5404,2025-05-23T21:19:02,sound,cultura,música,sound,True,0,1,word_shuffle_game,760ed38048119388
1c9e6b79adfa5404,2025-05-23T21:19:16,saying,frases_básicas,agradecimentos,thank_you_for_saying_so,True,1,1,word_shuffle_game,14429ec6750fbc8b
1c9e6b79adfa5404,2025-05-23T21:19:42,having,viagem,pedir_indicações,i'm_having_trouble_finding_my_way_around,True,1,1,word_shuffle_game,3f9aa59858124890
1c9e6b79adfa5404,2025-05-23T21:19:58,trouble,viagem,pedir_indicações,i'm_having_trouble_finding_my_way_around,True,2,1,word_shuffle_game,3f9aa59858124890
1c9e6b79adfa5404,2025-05-23T21:20:08,finding,viagem,pedir_indicações,i'm_having_trouble_finding_my_way_around,True,3,1,word_shuffle_game,3f9aa59858124890
1c9e6b79adfa5404,2025-05-23T21:20:18,counter,cidades,restaurante_e_bar,bar_counter,True,0,1,word_shuffle_game,422750a204a668fe
1c9e6b79adfa5404,2025-05-23T21:20:53,estate,casa,imobiliaria,real_estate,True,1,2,word_shuffle_game,45489a96220d6955
1c9e6b79adfa5404,2025-05-23T21:21:01,age,pessoas,idade_e_eventos_da_vida,to_age,True,0,1,word_shuffle_game,4a6dd942d6c3ade6
1c9e6b79adfa5404,2025-05-23T21:21:44,trips,viagem,excursões,re_there_any_dé_trips,True,5,2,word_shuffle_game,487189f21a1472a4
1c9e6b79adfa5404,2025-05-23T21:22:08,post,viagem,dar_indicações,across_from_the_post_office,True,1,1,word_shuffle_game,aa48d4bb124d5a1
1c9e6b79adfa5404,2025-05-23T21:22:30,saying,cultura,livros,saying,True,0,2,word_shuffle_game,1a675c22d9c0af4c
1c9e6b79adfa5404,2025-05-23T21:22:42,two,viagem,dar_indicações,keep_going_for_another_two_hundred_meters,True,0,1,word_shuffle_game,22b543b79130ba1b
1c9e6b79adfa5404,2025-05-23T21:23:21,hundred,viagem,dar_indicações,keep_going_for_another_two_hundred_meters,True,1,1,word_shuffle_game,22b543b79130ba1b
1c9e6b79adfa5404,2025-05-23T21:23:38,what's,viagem,no_posto_de_turismo,what's_the_best_way_of_getting_around_the_city,True,1,1,word_shuffle_game,35a89c2c9bd3b1da
1c9e6b79adfa5404,2025-05-23T21:23:46,best,viagem,no_posto_de_turismo,what's_the_best_way_of_getting_around_the_city,True,2,1,word_shuffle_game,35a89c2c9bd3b1da
1c9e6b79adfa5404,2025-05-23T21:23:56,getting,viagem,no_posto_de_turismo,what's_the_best_way_of_getting_around_the_city,True,3,1,word_shuffle_game,35a89c2c9bd3b1da
1c9e6b79adfa5404,2025-05-23T21:24:14,main,viagem,no_posto_de_turismo,what_are_the_main_points_of_interest,True,0,1,word_shuffle_game,176eb751e397c455
1c9e6b79adfa5404,2025-05-23T21:24:15,points,viagem,no_posto_de_turismo,what_are_the_main_points_of_interest,True,0,1,word_shuffle_game,176eb751e397c455
1c9e6b79adfa5404,2025-05-23T21:24:42,interest,viagem,no_posto_de_turismo,what_are_the_main_points_of_interest,True,0,1,word_shuffle_game,176eb751e397c455
1c9e6b79adfa5404,2025-05-23T21:24:55,rely,verbos,habilidades_interpessoais,to_rely_on,True,1,1,word_shuffle_game,5d5f6a0d0d7b3c4
1c9e6b79adfa5404,2025-05-23T21:25:18,paintings,compras,outros_produtos,i'm_looking_for_paintings_by_well-known_belgian_artists,True,0,1,word_shuffle_game,785647ee9d8b276e
1c9e6b79adfa5404,2025-05-23T21:25:55,well-known,compras,outros_produtos,i'm_looking_for_paintings_by_well-known_belgian_artists,True,3,1,word_shuffle_game,785647ee9d8b276e
1c9e6b79adfa5404,2025-05-23T21:26:09,belgian,compras,outros_produtos,i'm_looking_for_paintings_by_well-known_belgian_artists,True,3,1,word_shuffle_game,785647ee9d8b276e
1c9e6b79adfa5404,2025-05-23T21:26:46,theater,viagem,no_posto_de_turismo,how_do_we_get_to_the_theater,True,1,2,word_shuffle_game,4355cf62f96fc508
1c9e6b79adfa5404,2025-05-23T21:26:57,theater,viagem,no_posto_de_turismo,is_there_a_theater_in_this_town,True,0,1,word_shuffle_game,4b043444c83074d
1c9e6b79adfa5404,2025-05-23T21:27:30,battery's,meios_de_comunicação,telefone,y_battery's_abo_to_run_out,True,1,1,word_shuffle_game,1565139fb52dd771
1c9e6b79adfa5404,2025-05-23T21:27:31,run,meios_de_comunicação,telefone,y_battery's_abo_to_run_out,True,1,1,word_shuffle_game,1565139fb52dd771
1c9e6b79adfa5404,2025-05-23T21:27:46,chirp,animais,sons_dos_animais,to_chirp,True,2,1,word_shuffle_game,49b9972e2c8f19af
1c9e6b79adfa5404,2025-05-23T21:28:07,smells,restaurante_e_bar,reclamações,that_smells_bad,True,1,1,word_shuffle_game,496b9243419abd90
1c9e6b79adfa5404,2025-05-23T22:56:08,brochures,viagem,no_posto_de_turismo,do_you_have_any_brochures,False,1,1,word_shuffle_game,5675ecedefa1880e
1c9e6b79adfa5404,2025-05-23T22:56:37,great,descrição_de_pessoas,opiniões_das_pessoas,great,True,3,1,word_shuffle_game,71f88c6d032e61a5
1c9e6b79adfa5404,2025-05-23T22:57:14,what's,viagem,no_posto_de_turismo,what's_the_best_way_of_getting_around_the_city,True,0,1,word_shuffle_game,4cf6588a3f8cd289
1c9e6b79adfa5404,2025-05-23T22:57:16,best,viagem,no_posto_de_turismo,what's_the_best_way_of_getting_around_the_city,True,0,1,word_shuffle_game,4cf6588a3f8cd289
1c9e6b79adfa5404,2025-05-23T22:57:57,getting,viagem,no_posto_de_turismo,what's_the_best_way_of_getting_around_the_city,True,8,1,word_shuffle_game,4cf6588a3f8cd289
1c9e6b79adfa5404,2025-05-23T22:58:44,straight,sistemas,tamanhos_e_formas,straight,True,1,1,word_shuffle_game,69b7addb105f0769
1c9e6b79adfa5404,2025-05-23T22:59:03,roses,compras,na_livraria_e_florista,"give_me_three_roses,_please",True,0,1,word_shuffle_game,68c6b427d0006573
1c9e6b79adfa5404,2025-05-23T22:59:22,straight,viagem,dar_indicações,continue_straight_ahead_for_about_a_kilometer,True,1,1,word_shuffle_game,487261e3a4e869dd
1c9e6b79adfa5404,2025-05-23T22:59:31,join,encontros,perguntar_a_alguém_se_quer_sair,do_you_mind_if_i_join_you,True,0,1,word_shuffle_game,5b4cf11666d7bd65
1c9e6b79adfa5404,2025-05-23T22:59:38,best,viagem,no_posto_de_turismo,where_is_the_best_place_to_go_fora_stroll,True,0,1,word_shuffle_game,13db43bf9179ec3
1c9e6b79adfa5404,2025-05-23T22:59:53,stroll,viagem,no_posto_de_turismo,where_is_the_best_place_to_go_fora_stroll,True,1,1,word_shuffle_game,13db43bf9179ec3
1c9e6b79adfa5404,2025-05-23T23:00:07,soy,comida_e_bebidas,condimentos,y_sal,True,2,1,word_shuffle_game,29ee2484d53cf02b
1c9e6b79adfa5404,2025-05-23T23:01:03,appeals,conversa_geral,opiniões,i_can't_say_it_jpeals_to_me_ve_much,False,5,1,word_shuffle_game,f02080b250b07df
1c9e6b79adfa5404,2025-05-23T23:01:15,very,conversa_geral,opiniões,i_can't_say_it_jpeals_to_me_ve_much,True,5,1,word_shuffle_game,f02080b250b07df
1c9e6b79adfa5404,2025-05-23T23:01:16,much,conversa_geral,opiniões,i_can't_say_it_jpeals_to_me_ve_much,True,5,1,word_shuffle_game,f02080b250b07df
1c9e6b79adfa5404,2025-05-23T23:01:24,great,compras,roupas,it_looks_great_on_you!,True,0,1,word_shuffle_game,3ea53ce3cdb9d395
1c9e6b79adfa5404,2025-05-23T23:01:43,beat,tempo_de_lazer,desporto,you_can't_beat_this_record,True,2,1,word_shuffle_game,73d44ec7cdbc7e3
1c9e6b79adfa5404,2025-05-23T23:02:43,available,outro_transporte,táxi,"sorry,_there_are_none_available_at_the_moment",False,2,2,word_shuffle_game,38460654627ca66b
1c9e6b79adfa5404,2025-05-23T23:02:53,far,viagem,dar_indicações,it's_not_too_far,True,0,1,word_shuffle_game,4c69e617be84baa4
1c9e6b79adfa5404,2025-05-23T23:03:23,underexposed,viagem,excursões,i_think_some_of_these_photos_are_underexposed,True,1,1,word_shuffle_game,5a0942cc605395fc
1c9e6b79adfa5404,2025-05-23T23:03:32,two,sistemas,numerais_cardinais,two,True,0,1,word_shuffle_game,13c3b048ce83c393
1c9e6b79adfa5404,2025-05-23T23:04:09,main,viagem,no_posto_de_turismo,what_are_the_main_points_of_interest,True,0,1,word_shuffle_game,8af4be7a4a12718
1c9e6b79adfa5404,2025-05-23T23:04:10,points,viagem,no_posto_de_turismo,what_are_the_main_points_of_interest,True,0,1,word_shuffle_game,8af4be7a4a12718
1c9e6b79adfa5404,2025-05-23T23:04:22,interest,viagem,no_posto_de_turismo,what_are_the_main_points_of_interest,True,0,2,word_shuffle_game,8af4be7a4a12718
1c9e6b79adfa5404,2025-05-23T23:05:10,thirteen,sistemas,numerais_cardinais,thirteen,True,1,1,word_shuffle_game,7b2f31e1b91c713d
1c9e6b79adfa5404,2025-05-23T23:05:20,end,viagem,dar_indicações,t_the_end_of_th_street,True,1,1,word_shuffle_game,68472e33ddb48c09
1c9e6b79adfa5404,2025-05-23T23:05:50,street,viagem,dar_indicações,t_the_end_of_th_street,False,2,2,word_shuffle_game,68472e33ddb48c09
1c9e6b79adfa5404,2025-05-24T06:35:56,theater,viagem,no_posto_de_turismo,how_do_we_get_to_the_theater,True,1,1,word_shuffle_game,67c5ccc082858115
1c9e6b79adfa5404,2025-05-24T06:36:48,interest,viagem,no_posto_de_turismo,what_are_the_main_points_of_interest,True,0,1,word_shuffle_game,499dfa11d1a0f18d
1c9e6b79adfa5404,2025-05-24T06:36:49,main,viagem,no_posto_de_turismo,what_are_the_main_points_of_interest,True,0,1,word_shuffle_game,499dfa11d1a0f18d
1c9e6b79adfa5404,2025-05-24T06:36:50,points,viagem,no_posto_de_turismo,what_are_the_main_points_of_interest,True,0,1,word_shuffle_game,499dfa11d1a0f18d
1c9e6b79adfa5404,2025-05-24T06:37:29,cream,compras,cuidados_pessoais,do_you_have_a_day_cream,False,1,1,word_shuffle_game,34804b96d10e33f4
1c9e6b79adfa5404,2025-05-24T06:37:39,pick,viagem,excursões,i'd_like_to_pick_up_my_photos,True,0,1,word_shuffle_game,55dff59ae5d790d5
1c9e6b79adfa5404,2025-05-24T06:38:02,theater,viagem,no_posto_de_turismo,how_do_we_get_to_the_theater,True,0,1,word_shuffle_game,3015350549caa014
1c9e6b79adfa5404,2025-05-24T06:38:29,museums,viagem,excursões,would_you_please_tell_me_what_museums_are_here,True,0,1,word_shuffle_game,79be3c85f44898d0
1c9e6b79adfa5404,2025-05-24T06:39:19,bite,encontros,perguntar_a_alguém_se_quer_sair,do_you_feel_like_getting_a_bite_to_eat,True,1,1,word_shuffle_game,5100c37714729b30
1c9e6b79adfa5404,2025-05-24T06:39:50,getting,encontros,perguntar_a_alguém_se_quer_sair,do_you_feel_like_getting_a_bite_to_eat,True,3,1,word_shuffle_game,5100c37714729b30
1c9e6b79adfa5404,2025-05-24T06:40:03,stores,compras,no_loja_de_departamentos,the_stores_are_open_till_two_oclock,True,0,1,word_shuffle_game,654fd42aecef2cbe
1c9e6b79adfa5404,2025-05-24T06:40:13,open,compras,no_loja_de_departamentos,the_stores_are_open_till_two_oclock,True,0,1,word_shuffle_game,654fd42aecef2cbe
1c9e6b79adfa5404,2025-05-24T06:40:18,two,compras,no_loja_de_departamentos,the_stores_are_open_till_two_oclock,True,0,1,word_shuffle_game,654fd42aecef2cbe
1c9e6b79adfa5404,2025-05-24T06:40:41,choose,compras,outros_produtos,did_you_choose_anything,True,0,1,word_shuffle_game,d2e137dd695031d
1c9e6b79adfa5404,2025-05-24T06:41:51,daffodils,compras,na_livraria_e_florista,d_like_a_bunch_«_daffodils,False,2,1,word_shuffle_game,36c7cd1850fa52bb
1c9e6b79adfa5404,2025-05-24T06:42:20,sandwich,viagem,no_posto_de_turismo,where_can_i_find_a_sandwich_store,True,1,1,word_shuffle_game,42bc755011b8a606
1c9e6b79adfa5404,2025-05-24T06:42:21,store,viagem,no_posto_de_turismo,where_can_i_find_a_sandwich_store,True,1,1,word_shuffle_game,42bc755011b8a606
1c9e6b79adfa5404,2025-05-24T06:42:37,old,viagem,no_posto_de_turismo,i_would_like_to_see_the_old_town,True,1,1,word_shuffle_game,744ddb1233a6866d
1c9e6b79adfa5404,2025-05-24T06:43:03,prepare,restaurante_e_bar,pedir_comida,could_you_please_prepare_the_dish_with_no_salt,True,1,1,word_shuffle_game,24e7aabedf5ce43
1c9e6b79adfa5404,2025-05-24T06:43:08,no,restaurante_e_bar,pedir_comida,could_you_please_prepare_the_dish_with_no_salt,True,1,1,word_shuffle_game,24e7aabedf5ce43
3b0ff0048ac99a8f,2025-06-18T23:43:42,counter,cidades,restaurante_e_bar,bar_counter,True,0,2,word_shuffle_game,2b3cb44fb1ff93ec
3b0ff0048ac99a8f,2025-06-18T23:44:12,no,outras_partes_do_discurso,expressão_de_quantidades,no,True,0,1,word_shuffle_game,3fbbfed6a5b62efd
3b0ff0048ac99a8f,2025-06-18T23:44:36,chemistry,educação,na_universidade,i'm_doing_a_phd_in_chemistry,False,0,1,word_shuffle_game,4b00711203227d52
3b0ff0048ac99a8f,2025-06-18T23:47:26,daffodils,compras,na_livraria_e_florista,d_like_a_bunch_«_daffodils,False,0,1,word_shuffle_game,535807efb0d9dc81
3b0ff0048ac99a8f,2025-06-18T23:47:33,able,verbos,verbos_de_estado,to_be_able,True,0,1,word_shuffle_game,5a466620c518025c
3b0ff0048ac99a8f,2025-06-18T23:51:56,excellent,restaurante_e_bar,pagar_a_conta,that_was_excellent,True,0,1,word_shuffle_game,4f4334911b5967d8
3b0ff0048ac99a8f,2025-06-18T23:53:26,street,viagem,dar_indicações,t_the_end_of_th_street,True,0,1,word_shuffle_game,7a20545c602e0e70
3b0ff0048ac99a8f,2025-06-18T23:53:39,box,compras,cuidados_pessoais,"of_face_powder,_please",True,0,1,word_shuffle_game,e56d8db808e9384
3b0ff0048ac99a8f,2025-06-18T23:54:41,powder,compras,cuidados_pessoais,"of_face_powder,_please",False,0,1,word_shuffle_game,e56d8db808e9384
3b0ff0048ac99a8f,2025-06-18T23:55:31,happy,encontros,casamento,we_are_happy_to_announce_the_engagement_of_our_daughter,True,0,1,word_shuffle_game,2ef7cc7a8fd4759
3b0ff0048ac99a8f,2025-06-18T23:56:02,daughter,encontros,casamento,we_are_happy_to_announce_the_engagement_of_our_daughter,True,0,1,word_shuffle_game,2ef7cc7a8fd4759
3b0ff0048ac99a8f,2025-06-18T23:56:30,announce,encontros,casamento,we_are_happy_to_announce_the_engagement_of_our_daughter,False,0,1,word_shuffle_game,2ef7cc7a8fd4759
3b0ff0048ac99a8f,2025-06-18T23:57:25,engagement,encontros,casamento,we_are_happy_to_announce_the_engagement_of_our_daughter,False,0,1,word_shuffle_game,2ef7cc7a8fd4759
3b0ff0048ac99a8f,2025-06-18T23:58:23,thirteen,educação,números_e_cores,"eleven,_twelve,_thirteen",False,0,3,word_shuffle_game,729d20b5dbf3eb3f
3b0ff0048ac99a8f,2025-06-18T23:59:55,stoplights,viagem,dar_indicações,continue_straight_on_past_some_stoplights,False,0,1,word_shuffle_game,2987eff7bb05ae37
38defa915a30ed03,2025-07-03T14:06:06,magnolias,compras,na_livraria_e_florista,d_like_a_bunch_«_magnolias,True,2,1,word_shuffle_game,2c10ca4078e3e9f1
38defa915a30ed03,2025-07-03T14:07:41,available,outro_transporte,táxi,"sorry,_there_are_none_available_at_the_moment",False,2,2,word_shuffle_game,1b5420e9597d238c
38defa915a30ed03,2025-07-03T14:08:31,thirteen,educação,números_e_cores,"eleven,_twelve,_thirteen",False,3,1,word_shuffle_game,206918386f6c1016
786fe4a9aff7a837,2025-07-03T14:46:57,daffodils,compras,na_livraria_e_florista,d_like_a_bunch_«_daffodils,False,2,1,word_shuffle_game,f054986b2ff8b31
334a5f81a6fde35d,2025-07-03T14:50:53,available,outro_transporte,táxi,"sorry,_there_are_none_available_at_the_moment",True,1,1,word_shuffle_game,323321da265cb5f
722957137e307e08,2025-07-03T15:07:07,counter,cidades,restaurante_e_bar,bar_counter,True,1,1,word_shuffle_game,105fe994acfbb74f
722957137e307e08,2025-07-03T15:08:22,thirteen,sistemas,numerais_cardinais,thirteen,False,9,1,word_shuffle_game,71a4c5ed57cbdf12
722957137e307e08,2025-07-03T15:10:22,prepare,restaurante_e_bar,pedir_comida,could_you_please_prepare_the_dish_with_no_salt,True,1,1,word_shuffle_game,32e7c74782c63ef4
722957137e307e08,2025-07-03T15:10:55,trips,viagem,excursões,re_there_any_dé_trips,True,3,1,word_shuffle_game,6b176c917474009d
722957137e307e08,2025-07-03T15:11:10,post,viagem,dar_indicações,across_from_the_post_office,True,1,1,word_shuffle_game,19d78998c9b65e76
722957137e307e08,2025-07-03T15:11:37,available,outro_transporte,táxi,"sorry,_there_are_none_available_at_the_moment",True,1,1,word_shuffle_game,15ba987ee6bfb986
722957137e307e08,2025-07-03T15:11:48,cream,compras,cuidados_pessoais,do_you_have_a_day_cream,True,1,1,word_shuffle_game,400302f085d5cafd
722957137e307e08,2025-07-03T15:12:21,interesting,compras,outros_produtos,i_would_like_an_interesting_game_for_a_boy,True,1,1,word_shuffle_game,7ebcda337840c85
722957137e307e08,2025-07-03T15:19:08,estate,casa,imobiliaria,real_estate,False,1,1,word_shuffle_game,60c91fe40311a91e
722957137e307e08,2025-07-03T15:19:39,stoplights,viagem,dar_indicações,continue_straight_on_past_some_stoplights,True,2,1,word_shuffle_game,60f2c1c92c615930
722957137e307e08,2025-07-03T15:20:11,daffodils,compras,na_livraria_e_florista,d_like_a_bunch_«_daffodils,False,1,1,word_shuffle_game,272bf35fcb836ab6
722957137e307e08,2025-07-03T15:20:25,able,verbos,verbos_de_estado,to_be_able,True,0,1,word_shuffle_game,2dd1e98db31f71fb
722957137e307e08,2025-07-03T15:20:54,thirteen,educação,números_e_cores,"eleven,_twelve,_thirteen",True,1,2,word_shuffle_game,730a4dc7579710fd
722957137e307e08,2025-07-03T15:21:32,powder,compras,cuidados_pessoais,"of_face_powder,_please",False,3,1,word_shuffle_game,1b1c8419d91c67fd
722957137e307e08,2025-07-03T15:21:51,weak,adjetivos,sobre_as_pessoas,weak,True,0,1,word_shuffle_game,13661b6432f2b687
722957137e307e08,2025-07-03T15:22:43,photographs,viagem,excursões,will_there_be_an_opportunity_to_take_some_photographs,True,0,1,word_shuffle_game,14886f4c73787fb4
722957137e307e08,2025-07-03T15:23:05,opportunity,viagem,excursões,will_there_be_an_opportunity_to_take_some_photographs,True,2,1,word_shuffle_game,14886f4c73787fb4
722957137e307e08,2025-07-03T15:23:34,chemistry,educação,na_universidade,i'm_doing_a_phd_in_chemistry,True,1,1,word_shuffle_game,575308e04ac80b89
7ebca6e6774a236b,2025-07-03T21:43:00,cream,compras,cuidados_pessoais,do_you_have_a_day_cream,True,1,1,word_shuffle_game,684b61d1f0209cf8
7ebca6e6774a236b,2025-07-03T21:43:49,chemistry,educação,na_universidade,i'm_doing_a_phd_in_chemistry,True,2,2,word_shuffle_game,e4167078b47037
7ebca6e6774a236b,2025-07-03T21:44:06,thirteen,educação,números_e_cores,"eleven,_twelve,_thirteen",True,1,1,word_shuffle_game,48213cec7b765001
7ebca6e6774a236b,2025-07-03T21:44:29,powder,compras,cuidados_pessoais,"of_face_powder,_please",True,0,1,word_shuffle_game,48df98dbbf948dc7
7ebca6e6774a236b,2025-07-03T21:44:42,weak,adjetivos,sobre_as_pessoas,weak,True,0,1,word_shuffle_game,72ce46cecc64d890
7ebca6e6774a236b,2025-07-03T21:45:23,order,restaurante_e_bar,pedir_comida,let_me_know_when_you're_ready_to_order,True,3,1,word_shuffle_game,97b9401a26a0636
7ebca6e6774a236b,2025-07-03T21:45:56,you're,restaurante_e_bar,pedir_comida,let_me_know_when_you're_ready_to_order,True,5,1,word_shuffle_game,97b9401a26a0636
7ebca6e6774a236b,2025-07-03T21:46:11,trips,viagem,excursões,re_there_any_dé_trips,True,0,1,word_shuffle_game,1cb049894805a3fa
7ebca6e6774a236b,2025-07-03T21:46:29,stoplights,viagem,dar_indicações,continue_straight_on_past_some_stoplights,True,1,1,word_shuffle_game,4fc24f3b96ece0f2
7ebca6e6774a236b,2025-07-03T21:47:27,enlarged,viagem,excursões,i_would_like_these_photographs_enlarged,False,5,2,word_shuffle_game,577c2c90e5c9b741
7ebca6e6774a236b,2025-07-03T21:48:19,street,viagem,dar_indicações,t_the_end_of_th_street,True,1,3,word_shuffle_game,480b615bb5fea325
7ebca6e6774a236b,2025-07-03T21:48:28,counter,cidades,restaurante_e_bar,bar_counter,True,0,1,word_shuffle_game,5f664bb6065de4d0
7ebca6e6774a236b,2025-07-03T21:49:45,well-known,compras,outros_produtos,i'm_looking_for_paintings_by_well-known_belgian_artists,False,2,1,word_shuffle_game,35e7a75920b294c6
7ebca6e6774a236b,2025-07-03T21:50:11,belgian,compras,outros_produtos,i'm_looking_for_paintings_by_well-known_belgian_artists,True,5,1,word_shuffle_game,35e7a75920b294c6
7ebca6e6774a236b,2025-07-03T21:50:33,thirteen,sistemas,numerais_cardinais,thirteen,True,1,1,word_shuffle_game,64fd8c40ec223df5
7ebca6e6774a236b,2025-07-03T21:53:11,daffodils,compras,na_livraria_e_florista,d_like_a_bunch_«_daffodils,False,2,1,word_shuffle_game,628bdb5b40d8a66f
7ebca6e6774a236b,2025-07-03T21:54:42,appeals,conversa_geral,opiniões,i_can't_say_it_jpeals_to_me_ve_much,False,3,3,word_shuffle_game,2a6bef762619dc71
7ebca6e6774a236b,2025-07-03T21:55:17,available,outro_transporte,táxi,"sorry,_there_are_none_available_at_the_moment",True,0,1,word_shuffle_game,650babdfd3ef3862
7ebca6e6774a236b,2025-07-03T21:55:44,brochures,viagem,no_posto_de_turismo,do_you_have_any_brochures,True,1,1,word_shuffle_game,63d9d080ae5a400
7ebca6e6774a236b,2025-07-03T21:56:03,weak,saúde,no_oculista,these_eyeglasses_are_too_weak_for_me,True,0,1,word_shuffle_game,5fd39aff54351c92
7ebca6e6774a236b,2025-07-03T21:56:41,estate,casa,imobiliaria,real_estate,True,2,1,word_shuffle_game,52fc47cc673ace22
7ebca6e6774a236b,2025-07-03T21:56:55,happy,encontros,casamento,we_are_happy_to_announce_the_engagement_of_our_daughter,True,0,1,word_shuffle_game,51eac8392f85d905
7ebca6e6774a236b,2025-07-03T21:57:23,announce,encontros,casamento,we_are_happy_to_announce_the_engagement_of_our_daughter,False,2,1,word_shuffle_game,51eac8392f85d905
7ebca6e6774a236b,2025-07-03T21:57:46,engagement,encontros,casamento,we_are_happy_to_announce_the_engagement_of_our_daughter,False,3,1,word_shuffle_game,51eac8392f85d905
7ebca6e6774a236b,2025-07-03T21:57:58,able,verbos,verbos_de_estado,to_be_able,True,1,1,word_shuffle_game,3fc177ef50245624
7ebca6e6774a236b,2025-07-03T21:58:10,saw,compras,pagamento_&_devoluções,i_saw_this_for_10_euros_someplace_else,True,0,1,word_shuffle_game,214131637a577563
7ebca6e6774a236b,2025-07-03T21:58:23,euros,compras,pagamento_&_devoluções,i_saw_this_for_10_euros_someplace_else,True,0,1,word_shuffle_game,214131637a577563
4f5cb0b1e4065806,2025-07-19T13:18:08,overrated,adjetivos,descição_de_arte,overrated,False,1,1,word_shuffle_game,6bbece5b4843deef
a3c2eb3a7996337,2025-07-19T13:25:55,pillowcase,casa,decoração,pillowcase,True,1,1,word_shuffle_game,2cc09821428b664d
a3c2eb3a7996337,2025-07-19T13:26:40,towel,casa,decoração,towel,True,3,1,word_shuffle_game,241d1e9feef90346
a3c2eb3a7996337,2025-07-19T13:26:59,carpet,casa,decoração,carpet,True,1,1,word_shuffle_game,5fcc802594328c6
a3c2eb3a7996337,2025-07-19T13:27:08,pillow,casa,decoração,pillow,True,1,1,word_shuffle_game,b522dac1ed7adaa
4e91ac6c8017a859,2025-07-19T13:27:25,pillowcase,casa,decoração,pillowcase,True,1,1,word_shuffle_game,65c76036f4f1250d
4e91ac6c8017a859,2025-07-19T13:27:38,tinsel,casa,decoração,tinsel,True,1,1,word_shuffle_game,3d160ace878f2827
4e91ac6c8017a859,2025-07-19T13:28:16,drapes,casa,decoração,drapes,False,1,2,word_shuffle_game,53b6fb4f9a9b0eca
4e91ac6c8017a859,2025-07-19T13:28:29,ornament,casa,decoração,ornament,True,1,1,word_shuffle_game,238699175e2b0307
4e91ac6c8017a859,2025-07-19T13:28:36,decoration,casa,decoração,decoration,True,0,1,word_shuffle_game,5d861354ac8ab175
4e91ac6c8017a859,2025-07-19T13:28:47,carpet,casa,decoração,carpet,True,2,1,word_shuffle_game,6d1e62667577db57
4e91ac6c8017a859,2025-07-19T13:28:59,blanket,casa,decoração,blanket,True,1,1,word_shuffle_game,470af1ed24ed080e
4e91ac6c8017a859,2025-07-19T13:29:21,flowerpot,casa,decoração,flowerpot,True,1,1,word_shuffle_game,718395dfb874b1c6
4e91ac6c8017a859,2025-07-19T13:29:31,decorate,casa,decoração,to_decorate,True,1,1,word_shuffle_game,2cbe1d15970775e2
4e91ac6c8017a859,2025-07-19T13:29:43,tablecloth,casa,decoração,tablecloth,True,1,1,word_shuffle_game,3316f0971c7dacd5
4e91ac6c8017a859,2025-07-19T13:30:17,towel,casa,decoração,towel,True,1,1,word_shuffle_game,7f6cf292448b8c2c
4e91ac6c8017a859,2025-07-19T13:30:23,vase,casa,decoração,vase,True,0,1,word_shuffle_game,6dd8c578a8618dc
4e91ac6c8017a859,2025-07-19T13:30:51,candlestick,casa,decoração,candlestick,False,0,1,word_shuffle_game,7b164afae3d2eee5
4e91ac6c8017a859,2025-07-19T13:31:05,wallpaper,casa,decoração,wallpaper,True,1,1,word_shuffle_game,6017bac8978696a0
4e91ac6c8017a859,2025-07-19T13:31:17,hourglass,casa,decoração,hourglass,True,0,1,word_shuffle_game,210c23e8cd4e435e
4e91ac6c8017a859,2025-07-19T13:31:35,napkin,casa,decoração,napkin,True,1,2,word_shuffle_game,4c5ffe17bde1c44f
6f0aff7f7b660ad8,2025-07-23T10:03:46,next,educação,na_universidade,i'll_be_teaching_biology_next_term,True,2,1,word_shuffle_game,5384b48130cd4863
6f0aff7f7b660ad8,2025-07-23T10:03:53,biology,educação,na_universidade,i'll_be_teaching_biology_next_term,True,2,1,word_shuffle_game,5384b48130cd4863
6f0aff7f7b660ad8,2025-07-23T10:04:09,term,educação,na_universidade,i'll_be_teaching_biology_next_term,True,4,1,word_shuffle_game,5384b48130cd4863
6f0aff7f7b660ad8,2025-07-23T10:04:48,teaching,educação,na_universidade,i'll_be_teaching_biology_next_term,True,4,1,word_shuffle_game,5384b48130cd4863
6f0aff7f7b660ad8,2025-07-23T10:05:30,chair,casa,mobiliario,high_chair,True,1,1,word_shuffle_game,346d92b97c4ad904
6f0aff7f7b660ad8,2025-07-23T10:05:46,integrated,adjetivos,descrições_3,integrated,True,1,1,word_shuffle_game,4bb689774dc33b4c
6f0aff7f7b660ad8,2025-07-23T10:06:33,stamp,tempo_de_lazer,passatempos,stamp_collecting,True,1,1,word_shuffle_game,1f5f46828222804b
6f0aff7f7b660ad8,2025-07-23T10:06:34,collecting,tempo_de_lazer,passatempos,stamp_collecting,True,1,1,word_shuffle_game,1f5f46828222804b
6f0aff7f7b660ad8,2025-07-23T10:09:46,professor,empregos,ocupação,lam_a_professor,True,1,1,word_shuffle_game,b53cec7cd9145ae
6f0aff7f7b660ad8,2025-07-23T10:10:07,circle,transportes,estradas,traffic_circle,True,1,1,word_shuffle_game,2530946d0688a564
6f0aff7f7b660ad8,2025-07-23T10:10:48,culture,cultura,literatura,culture,True,0,1,word_shuffle_game,d26e1bb5d7c8f25
6f0aff7f7b660ad8,2025-07-23T10:11:10,investment,trabalho,bancos,investment,True,0,2,word_shuffle_game,32293ace2212a2f6
6f0aff7f7b660ad8,2025-07-23T10:12:24,willing,serviços,na_agência_imobiliária,are_they_willing_to_negotiate,False,4,1,word_shuffle_game,6a6d3be93e750e1f
6f0aff7f7b660ad8,2025-07-23T10:13:18,negotiate,serviços,na_agência_imobiliária,are_they_willing_to_negotiate,False,4,1,word_shuffle_game,6a6d3be93e750e1f
6f0aff7f7b660ad8,2025-07-23T10:13:48,calls,hotel,fazer_o_check_out,international_calls_are_included_in_the_bill,True,0,1,word_shuffle_game,43b9bda98d192018
6f0aff7f7b660ad8,2025-07-23T10:13:59,international,hotel,fazer_o_check_out,international_calls_are_included_in_the_bill,True,0,1,word_shuffle_game,43b9bda98d192018
6f0aff7f7b660ad8,2025-07-23T10:14:39,included,hotel,fazer_o_check_out,international_calls_are_included_in_the_bill,True,1,3,word_shuffle_game,43b9bda98d192018
6f0aff7f7b660ad8,2025-07-23T10:15:43,happened,saúde,no_médico,what_happened_to_you,True,1,1,word_shuffle_game,6e2be5e057d60802
6f0aff7f7b660ad8,2025-07-23T10:16:40,recently,advérbios,de_tempo_e_frequência,recently,True,9,1,word_shuffle_game,3f5bb191787effc8
6f0aff7f7b660ad8,2025-07-23T10:17:23,problem,conversa_geral,ajuda_e_conselhos,will_you_help_me_with_this_problem,True,0,1,word_shuffle_game,3caa4b80a0f9e466
6f0aff7f7b660ad8,2025-07-23T10:17:56,success,frases_básicas,melhores_votos,i_wish_you_success_in_everything_you_do,True,0,1,word_shuffle_game,6e04fe20d086c98b
6f0aff7f7b660ad8,2025-07-23T10:18:17,wish,frases_básicas,melhores_votos,i_wish_you_success_in_everything_you_do,True,1,1,word_shuffle_game,6e04fe20d086c98b
6f0aff7f7b660ad8,2025-07-23T10:18:40,especially,advérbios,palavras_interrogativas_e_ligação,especially,True,1,1,word_shuffle_game,47c5b1ab576aa09c
6f0aff7f7b660ad8,2025-07-23T10:19:08,wide,compras,outros_produtos,how_wide_is_this_cloth,True,0,1,word_shuffle_game,368b82d12b94549
6f0aff7f7b660ad8,2025-07-23T10:19:23,cloth,compras,outros_produtos,how_wide_is_this_cloth,True,0,1,word_shuffle_game,368b82d12b94549
6f0aff7f7b660ad8,2025-07-23T10:19:59,we're,compras,outros_produtos,we're_having_a_sale,True,0,1,word_shuffle_game,5bb9bd4d752a7dab
6f0aff7f7b660ad8,2025-07-23T10:20:08,sale,compras,outros_produtos,we're_having_a_sale,True,0,1,word_shuffle_game,5bb9bd4d752a7dab
6f0aff7f7b660ad8,2025-07-23T10:20:37,small,carro,aluguer_de_carro,i_prefer_a_small_car,True,0,1,word_shuffle_game,62667abfa492fc3
6f0aff7f7b660ad8,2025-07-23T10:20:47,prefer,carro,aluguer_de_carro,i_prefer_a_small_car,True,0,1,word_shuffle_game,62667abfa492fc3
6f0aff7f7b660ad8,2025-07-23T10:21:24,set,outras_partes_do_discurso,expressão_de_quantidades,set,True,1,1,word_shuffle_game,53a6a43cd3d9b17
6f0aff7f7b660ad8,2025-07-23T10:21:34,global,adjetivos,descrições_2,global,True,0,1,word_shuffle_game,2da25ebd2aecdd78
6f0aff7f7b660ad8,2025-07-23T10:21:50,plane,avião,no_avião,the_plane_finally_landed_in_jakarta,True,0,1,word_shuffle_game,1b9861ae3529b2a9
6f0aff7f7b660ad8,2025-07-23T10:21:57,finally,avião,no_avião,the_plane_finally_landed_in_jakarta,True,0,1,word_shuffle_game,1b9861ae3529b2a9
6f0aff7f7b660ad8,2025-07-23T10:23:07,jakarta,avião,no_avião,the_plane_finally_landed_in_jakarta,True,2,1,word_shuffle_game,1b9861ae3529b2a9
6f0aff7f7b660ad8,2025-07-23T10:23:33,landed,avião,no_avião,the_plane_finally_landed_in_jakarta,True,5,2,word_shuffle_game,1b9861ae3529b2a9
6f0aff7f7b660ad8,2025-07-23T10:24:24,offer,compras,compras_online,offer,True,0,1,word_shuffle_game,5008cbb9cd26d800
6f0aff7f7b660ad8,2025-07-23T10:24:33,night,sistemas,hora,night,True,0,1,word_shuffle_game,67f459881d16439
6f0aff7f7b660ad8,2025-07-23T10:25:07,afraid,avião,fazer_o_check_in,i'm_afraid_you_can't_take_that_through,True,0,1,word_shuffle_game,1fbb51f2acf10f7e
6f0aff7f7b660ad8,2025-07-23T10:27:07,through,avião,fazer_o_check_in,i'm_afraid_you_can't_take_that_through,False,2,1,word_shuffle_game,1fbb51f2acf10f7e
6f0aff7f7b660ad8,2025-07-23T10:27:43,she's,fazer_amigos,descrever_pessoas,she's_smarter_than_he,True,1,1,word_shuffle_game,59195b66c7ae1b71
6f0aff7f7b660ad8,2025-07-23T10:27:54,smarter,fazer_amigos,descrever_pessoas,she's_smarter_than_he,True,2,1,word_shuffle_game,59195b66c7ae1b71
3dbcb68822a5db2e,2025-07-23T13:25:51,asked,hotel,durante_a_sua_estadia,has_anyone_asked_for_me,True,1,1,word_shuffle_game,4226e00f03ff57c1
3dbcb68822a5db2e,2025-07-23T13:26:12,potentially,advérbios,advérbios_de_modo_3,potentially,True,1,1,word_shuffle_game,6d88a5676a23a581
77d920d02acd3f7a,2025-07-23T13:27:34,design,verbos,competências,to_design,True,1,4,word_shuffle_game,36c5ffc66bd5d644
77d920d02acd3f7a,2025-07-23T13:27:50,art,compras,na_livraria_e_florista,i_would_like_to_buy_some_art_books,True,0,1,word_shuffle_game,7115510b83b39e1a
77d920d02acd3f7a,2025-07-23T13:27:54,books,compras,na_livraria_e_florista,i_would_like_to_buy_some_art_books,True,0,1,word_shuffle_game,7115510b83b39e1a
77d920d02acd3f7a,2025-07-23T13:28:09,cutting,tempo_de_lazer,cinama,cutting,True,0,1,word_shuffle_game,106e415a415127a0
77d920d02acd3f7a,2025-07-23T13:28:20,second,sistemas,hora,second,True,0,1,word_shuffle_game,561e18b374daab85
77d920d02acd3f7a,2025-07-23T13:28:29,simply,advérbios,advérbios_de_modo_2,simply,True,0,1,word_shuffle_game,167dd98901543f4d
77d920d02acd3f7a,2025-07-23T13:28:50,minutes,restaurante_e_bar,reclamações,we_ordered_more_than_thirty_minutes_ago,True,0,1,word_shuffle_game,5ed3b3f69846d464
77d920d02acd3f7a,2025-07-23T13:29:27,thirty,restaurante_e_bar,reclamações,we_ordered_more_than_thirty_minutes_ago,True,1,4,word_shuffle_game,5ed3b3f69846d464
77d920d02acd3f7a,2025-07-23T13:30:07,ordered,restaurante_e_bar,reclamações,we_ordered_more_than_thirty_minutes_ago,False,6,1,word_shuffle_game,5ed3b3f69846d464
77d920d02acd3f7a,2025-07-23T13:30:22,ago,restaurante_e_bar,reclamações,we_ordered_more_than_thirty_minutes_ago,True,7,1,word_shuffle_game,5ed3b3f69846d464
77d920d02acd3f7a,2025-07-23T13:30:50,dislike,fazer_amigos,coisas_que_gosta_e_não_gosta,i_rather_dislike_them,True,1,1,word_shuffle_game,5c55e0595b37beb4
77d920d02acd3f7a,2025-07-23T13:30:55,them,fazer_amigos,coisas_que_gosta_e_não_gosta,i_rather_dislike_them,True,1,1,word_shuffle_game,5c55e0595b37beb4
77d920d02acd3f7a,2025-07-23T13:31:36,rather,fazer_amigos,coisas_que_gosta_e_não_gosta,i_rather_dislike_them,False,1,1,word_shuffle_game,5c55e0595b37beb4
77d920d02acd3f7a,2025-07-23T13:32:25,weeks,fazer_amigos,local_de_residência,they_are_staying_for_three_weeks,True,0,1,word_shuffle_game,50eb427bcd4cf0e0
77d920d02acd3f7a,2025-07-23T13:32:40,speaking,educação,vida_de_estudante,who_is_speaking_now,True,0,1,word_shuffle_game,50672cbdd3483576
77d920d02acd3f7a,2025-07-23T13:33:18,lecture,educação,universidade,lecture,True,1,1,word_shuffle_game,244e0a9c89ea6aa4
77d920d02acd3f7a,2025-07-23T13:34:19,effectively,advérbios,advérbios_de_modo_3,effectively,False,1,3,word_shuffle_game,176255b1983cf44d
77d920d02acd3f7a,2025-07-23T13:34:45,hanoi,avião,reservar_um_voo,when_is_the_next_flight_to_hanoi,True,0,1,word_shuffle_game,76877bf4a7c98c29
77d920d02acd3f7a,2025-07-23T13:35:10,belt,avião,fazer_o_check_in,"could_you_take_off_your_belt,_please",True,0,1,word_shuffle_game,758cda9efdd5960
77d920d02acd3f7a,2025-07-23T13:35:27,together,advérbios,advérbios_de_modo_1,together,True,0,1,word_shuffle_game,379b7c58915867f
77d920d02acd3f7a,2025-07-23T13:35:50,afraid,empregos,negócio,i'm_afraid_i_have_to_cancel_our_appointment,True,0,1,word_shuffle_game,32915bb84cc38586
77d920d02acd3f7a,2025-07-23T13:36:01,cancel,empregos,negócio,i'm_afraid_i_have_to_cancel_our_appointment,True,0,1,word_shuffle_game,32915bb84cc38586
77d920d02acd3f7a,2025-07-23T13:36:26,appointment,empregos,negócio,i'm_afraid_i_have_to_cancel_our_appointment,True,2,1,word_shuffle_game,32915bb84cc38586
77d920d02acd3f7a,2025-07-23T13:36:32,side,nomes,substantivos_concretos_1,side,True,0,1,word_shuffle_game,78b63c9911bf94d9
77d920d02acd3f7a,2025-07-23T13:37:00,speedometer,carro,problemas_mecânicos,the_speedometer_isn't_working,True,0,1,word_shuffle_game,7550c8b2d0c5584c
77d920d02acd3f7a,2025-07-23T13:37:17,classical,adjetivos,descição_de_arte,classical,True,0,1,word_shuffle_game,7d8fbbf553816681
77d920d02acd3f7a,2025-07-23T13:37:32,combine,verbos,competências,to_combine,True,0,1,word_shuffle_game,29f938bf55b9f471
77d920d02acd3f7a,2025-07-23T13:37:57,hairdresser,trabalho,empregos_1,hairdresser,True,2,1,word_shuffle_game,2d022a98aa7533aa
77d920d02acd3f7a,2025-07-23T13:38:50,reliable,descrição_de_pessoas,caracteristicas_1,reliable,True,3,3,word_shuffle_game,60f63ec1d7e9f635
77d920d02acd3f7a,2025-07-23T13:41:28,engine,carro,problemas_mecânicos,the_engine_gets_very_hot,True,0,1,word_shuffle_game,1b888c845973db39
77d920d02acd3f7a,2025-07-23T13:41:44,gets,carro,problemas_mecânicos,the_engine_gets_very_hot,True,0,1,word_shuffle_game,1b888c845973db39
77d920d02acd3f7a,2025-07-23T13:42:12,excess,avião,bagagem,how_much_is_the_excess_baggage_charge,True,0,1,word_shuffle_game,346d8abdc344995b
77d920d02acd3f7a,2025-07-23T13:42:27,charge,avião,bagagem,how_much_is_the_excess_baggage_charge,True,1,1,word_shuffle_game,346d8abdc344995b
77d920d02acd3f7a,2025-07-23T13:42:54,band,cultura,música,band,True,0,1,word_shuffle_game,e40b2efed03e648
77d920d02acd3f7a,2025-07-23T13:43:00,zero,sistemas,numerais_cardinais,zero,True,0,1,word_shuffle_game,62bd7e73ae2d448c
77d920d02acd3f7a,2025-07-23T13:43:16,guest,educação,vida_de_estudante,who_is_the_guest_speaker_at_the_conference,True,0,1,word_shuffle_game,5531ac7a087013f9
77d920d02acd3f7a,2025-07-23T13:43:47,speaker,educação,vida_de_estudante,who_is_the_guest_speaker_at_the_conference,True,0,1,word_shuffle_game,5531ac7a087013f9
77d920d02acd3f7a,2025-07-23T13:43:57,conference,educação,vida_de_estudante,who_is_the_guest_speaker_at_the_conference,True,0,1,word_shuffle_game,5531ac7a087013f9
77d920d02acd3f7a,2025-07-23T13:44:14,fine,conversa_geral,expressar_sentimentos,i_feel_fine,True,0,1,word_shuffle_game,1ebb19b5cfb4e1be
77d920d02acd3f7a,2025-07-23T13:44:30,there's,carro,conduzir_e_estacionar,there's_an_accident_up_ahead,True,0,1,word_shuffle_game,66bd1f158cd4da7c
77d920d02acd3f7a,2025-07-23T13:44:45,accident,carro,conduzir_e_estacionar,there's_an_accident_up_ahead,True,0,1,word_shuffle_game,66bd1f158cd4da7c
77d920d02acd3f7a,2025-07-23T13:45:05,here's,avião,fazer_o_check_in,here's_my_booking_reference,True,0,1,word_shuffle_game,5f3550c47a779b0a
77d920d02acd3f7a,2025-07-23T13:45:13,booking,avião,fazer_o_check_in,here's_my_booking_reference,True,0,1,word_shuffle_game,5f3550c47a779b0a
77d920d02acd3f7a,2025-07-23T13:45:26,reference,avião,fazer_o_check_in,here's_my_booking_reference,True,0,1,word_shuffle_game,5f3550c47a779b0a
77d920d02acd3f7a,2025-07-23T13:45:36,type,tempo_de_lazer,no_teatro,what_type_of_production_is_it,True,0,1,word_shuffle_game,42be1dfd13cacbb1
77d920d02acd3f7a,2025-07-23T13:45:44,production,tempo_de_lazer,no_teatro,what_type_of_production_is_it,True,0,1,word_shuffle_game,42be1dfd13cacbb1
77d920d02acd3f7a,2025-07-23T13:46:09,pleasure,fazer_amigos,aceitar_e_recusar,with_pleasure,True,0,2,word_shuffle_game,74f67e99a11bbe0f
77d920d02acd3f7a,2025-07-23T13:46:31,job,frases_básicas,dizer_olá_e_adeus,how_are_you_getting_along_with_your_new_job,True,0,1,word_shuffle_game,1b67975776856970
77d920d02acd3f7a,2025-07-23T13:46:47,along,frases_básicas,dizer_olá_e_adeus,how_are_you_getting_along_with_your_new_job,True,1,1,word_shuffle_game,1b67975776856970
77d920d02acd3f7a,2025-07-23T13:46:59,smart,descrição_de_pessoas,caracteristicas_1,smart,True,0,1,word_shuffle_game,622d49e25e27401d
77d920d02acd3f7a,2025-07-23T13:47:06,dead,carro,problemas_mecânicos,the_battery_is_dead,True,0,1,word_shuffle_game,3db3a0632af2d119
77d920d02acd3f7a,2025-07-23T13:47:30,crowd,nomes,pessoas,crowd,True,1,3,word_shuffle_game,4d058d7e8231118c
77d920d02acd3f7a,2025-07-23T13:47:39,oh,conversa_geral,expressar_sentimentos,oh_my_god!,True,0,1,word_shuffle_game,4aee418d38774eb
77d920d02acd3f7a,2025-07-23T13:47:51,conclusion,nomes,consciência,conclusion,True,0,1,word_shuffle_game,117d823008906d22
77d920d02acd3f7a,2025-07-23T13:49:11,extra,carro,aluguer_de_carro,any_extra_fee,False,0,3,word_shuffle_game,1abdbeb03f6934e4
77d920d02acd3f7a,2025-07-23T13:49:26,fee,carro,aluguer_de_carro,any_extra_fee,True,0,2,word_shuffle_game,1abdbeb03f6934e4
77d920d02acd3f7a,2025-07-23T13:49:50,search,verbos,pesquisa,to_search,True,0,1,word_shuffle_game,b2d028599d9c286
77d920d02acd3f7a,2025-07-23T13:50:06,wolves,animais,grupos_de_animais,pack_of_wolves,True,0,1,word_shuffle_game,6bc207e10b4e05c8
77d920d02acd3f7a,2025-07-23T13:50:22,public,nomes,pessoas,public,True,0,1,word_shuffle_game,47a4422d4d77812c
77d920d02acd3f7a,2025-07-23T13:50:32,trap,plantas,agricultura,trap,True,0,1,word_shuffle_game,1ec777539574dffd
77d920d02acd3f7a,2025-07-23T13:51:04,truth,descrição_de_pessoas,valores_e_vícios,truth,True,1,2,word_shuffle_game,35ef2e3727d4a15e
77d920d02acd3f7a,2025-07-23T13:51:43,class,educação,na_escola,no_one_is_allowed_to_leave_the_class_now,True,1,1,word_shuffle_game,65c4e962bb0e76a2
77d920d02acd3f7a,2025-07-23T13:52:02,allowed,educação,na_escola,no_one_is_allowed_to_leave_the_class_now,False,2,1,word_shuffle_game,65c4e962bb0e76a2
1847bc728b4e9aa3,2025-07-29T20:04:22,financial,youtube_videos,finance,financial_analysts_are_experts_at_creating_complex_spreadsheets,True,0,1,word_shuffle_game,579f085d1f0b9c8f
1847bc728b4e9aa3,2025-07-29T20:05:32,analysts,youtube_videos,finance,financial_analysts_are_experts_at_creating_complex_spreadsheets,True,0,1,word_shuffle_game,579f085d1f0b9c8f
1847bc728b4e9aa3,2025-07-29T20:05:47,experts,youtube_videos,finance,financial_analysts_are_experts_at_creating_complex_spreadsheets,True,0,1,word_shuffle_game,579f085d1f0b9c8f
1847bc728b4e9aa3,2025-07-29T20:06:18,complex,youtube_videos,finance,financial_analysts_are_experts_at_creating_complex_spreadsheets,True,0,1,word_shuffle_game,579f085d1f0b9c8f
1847bc728b4e9aa3,2025-07-29T20:06:48,creating,youtube_videos,finance,financial_analysts_are_experts_at_creating_complex_spreadsheets,True,0,1,word_shuffle_game,579f085d1f0b9c8f
1847bc728b4e9aa3,2025-07-29T20:07:07,spreadsheets,youtube_videos,finance,financial_analysts_are_experts_at_creating_complex_spreadsheets,False,0,1,word_shuffle_game,579f085d1f0b9c8f
1847bc728b4e9aa3,2025-07-29T20:08:23,sugar,youtube_videos,finance,you_should_avoid_eating_too_much_sugar,True,0,1,word_shuffle_game,1cb50b9a3cf88821
1847bc728b4e9aa3,2025-07-29T20:08:45,eating,youtube_videos,finance,you_should_avoid_eating_too_much_sugar,True,0,1,word_shuffle_game,1cb50b9a3cf88821
1847bc728b4e9aa3,2025-07-29T20:08:54,avoid,youtube_videos,finance,you_should_avoid_eating_too_much_sugar,True,0,1,word_shuffle_game,1cb50b9a3cf88821
1847bc728b4e9aa3,2025-07-29T20:09:37,should,youtube_videos,finance,you_should_avoid_eating_too_much_sugar,True,0,1,word_shuffle_game,1cb50b9a3cf88821
109287a25037858c,2025-07-29T20:10:59,his,youtube_videos,finance,his_crossover_number_was_lower_than_he_expected,True,0,1,word_shuffle_game,77cef87569850bba
109287a25037858c,2025-07-29T20:11:41,lower,youtube_videos,finance,his_crossover_number_was_lower_than_he_expected,True,0,1,word_shuffle_game,77cef87569850bba
109287a25037858c,2025-07-29T20:11:52,expected,youtube_videos,finance,his_crossover_number_was_lower_than_he_expected,True,0,1,word_shuffle_game,77cef87569850bba
109287a25037858c,2025-07-29T20:12:21,crossover,youtube_videos,finance,his_crossover_number_was_lower_than_he_expected,False,0,0,word_shuffle_game,77cef87569850bba
109287a25037858c,2025-07-29T20:13:06,forty,youtube_videos,finance,he_looks_young_but_hes_actually_over_forty_years_old,True,0,1,word_shuffle_game,7046de06602b3e2
109287a25037858c,2025-07-29T20:13:10,years,youtube_videos,finance,he_looks_young_but_hes_actually_over_forty_years_old,True,0,1,word_shuffle_game,7046de06602b3e2
109287a25037858c,2025-07-29T20:13:20,actually,youtube_videos,finance,he_looks_young_but_hes_actually_over_forty_years_old,True,0,1,word_shuffle_game,7046de06602b3e2
109287a25037858c,2025-07-29T20:14:08,within,youtube_videos,finance,we_have_to_work_within_the_constraints_of_the_law,False,0,1,word_shuffle_game,4989cfe9ad44b3bd
109287a25037858c,2025-07-29T20:14:36,constraints,youtube_videos,finance,we_have_to_work_within_the_constraints_of_the_law,False,0,0,word_shuffle_game,4989cfe9ad44b3bd
109287a25037858c,2025-07-29T20:15:48,crossover,youtube_videos,finance,once_you_understand_their_crossover_point_you_can_plan_for_financial_independence,True,0,1,word_shuffle_game,2e9252f1834d3f99
109287a25037858c,2025-07-29T20:16:07,plan,youtube_videos,finance,once_you_understand_their_crossover_point_you_can_plan_for_financial_independence,True,0,1,word_shuffle_game,2e9252f1834d3f99
109287a25037858c,2025-07-29T20:16:17,independence,youtube_videos,finance,once_you_understand_their_crossover_point_you_can_plan_for_financial_independence,True,0,1,word_shuffle_game,2e9252f1834d3f99
109287a25037858c,2025-07-29T20:17:06,their,youtube_videos,finance,once_you_understand_their_crossover_point_you_can_plan_for_financial_independence,False,0,4,word_shuffle_game,2e9252f1834d3f99
109287a25037858c,2025-07-29T20:18:07,won't,youtube_videos,finance,the_odds_are_stacking_against_us_but_we_wont_give_up,True,0,1,word_shuffle_game,2c3a3a50b5f69f96
109287a25037858c,2025-07-29T20:18:58,against,youtube_videos,finance,the_odds_are_stacking_against_us_but_we_wont_give_up,False,0,1,word_shuffle_game,2c3a3a50b5f69f96
109287a25037858c,2025-07-29T20:19:31,odds,youtube_videos,finance,the_odds_are_stacking_against_us_but_we_wont_give_up,False,0,0,word_shuffle_game,2c3a3a50b5f69f96
109287a25037858c,2025-07-29T20:19:47,stacking,youtube_videos,finance,the_odds_are_stacking_against_us_but_we_wont_give_up,False,0,0,word_shuffle_game,2c3a3a50b5f69f96
109287a25037858c,2025-07-29T20:20:44,movement,youtube_videos,finance,many_in_the_fire_movement_strive_to_reach_their_crossover_point,True,0,2,word_shuffle_game,3e20b61218683e10
109287a25037858c,2025-07-29T20:21:01,crossover,youtube_videos,finance,many_in_the_fire_movement_strive_to_reach_their_crossover_point,True,0,1,word_shuffle_game,3e20b61218683e10
109287a25037858c,2025-07-29T20:21:38,strive,youtube_videos,finance,many_in_the_fire_movement_strive_to_reach_their_crossover_point,False,0,0,word_shuffle_game,3e20b61218683e10
109287a25037858c,2025-07-29T20:21:51,reach,youtube_videos,finance,many_in_the_fire_movement_strive_to_reach_their_crossover_point,False,0,0,word_shuffle_game,3e20b61218683e10
109287a25037858c,2025-07-29T20:22:13,their,youtube_videos,finance,many_in_the_fire_movement_strive_to_reach_their_crossover_point,False,0,1,word_shuffle_game,3e20b61218683e10
